"","date","hits","keyword","geo","time","gprop","category"
"1",2019-12-01,46,"Ubongo","world","2019-12-01 2021-08-15","web",0
"2",2019-12-08,76,"Ubongo","world","2019-12-01 2021-08-15","web",0
"3",2019-12-15,42,"Ubongo","world","2019-12-01 2021-08-15","web",0
"4",2019-12-22,80,"Ubongo","world","2019-12-01 2021-08-15","web",0
"5",2019-12-29,34,"Ubongo","world","2019-12-01 2021-08-15","web",0
"6",2020-01-05,30,"Ubongo","world","2019-12-01 2021-08-15","web",0
"7",2020-01-12,28,"Ubongo","world","2019-12-01 2021-08-15","web",0
"8",2020-01-19,32,"Ubongo","world","2019-12-01 2021-08-15","web",0
"9",2020-01-26,25,"Ubongo","world","2019-12-01 2021-08-15","web",0
"10",2020-02-02,19,"Ubongo","world","2019-12-01 2021-08-15","web",0
"11",2020-02-09,19,"Ubongo","world","2019-12-01 2021-08-15","web",0
"12",2020-02-16,18,"Ubongo","world","2019-12-01 2021-08-15","web",0
"13",2020-02-23,23,"Ubongo","world","2019-12-01 2021-08-15","web",0
"14",2020-03-01,24,"Ubongo","world","2019-12-01 2021-08-15","web",0
"15",2020-03-08,21,"Ubongo","world","2019-12-01 2021-08-15","web",0
"16",2020-03-15,28,"Ubongo","world","2019-12-01 2021-08-15","web",0
"17",2020-03-22,34,"Ubongo","world","2019-12-01 2021-08-15","web",0
"18",2020-03-29,39,"Ubongo","world","2019-12-01 2021-08-15","web",0
"19",2020-04-05,25,"Ubongo","world","2019-12-01 2021-08-15","web",0
"20",2020-04-12,23,"Ubongo","world","2019-12-01 2021-08-15","web",0
"21",2020-04-19,45,"Ubongo","world","2019-12-01 2021-08-15","web",0
"22",2020-04-26,35,"Ubongo","world","2019-12-01 2021-08-15","web",0
"23",2020-05-03,30,"Ubongo","world","2019-12-01 2021-08-15","web",0
"24",2020-05-10,33,"Ubongo","world","2019-12-01 2021-08-15","web",0
"25",2020-05-17,15,"Ubongo","world","2019-12-01 2021-08-15","web",0
"26",2020-05-24,35,"Ubongo","world","2019-12-01 2021-08-15","web",0
"27",2020-05-31,31,"Ubongo","world","2019-12-01 2021-08-15","web",0
"28",2020-06-07,21,"Ubongo","world","2019-12-01 2021-08-15","web",0
"29",2020-06-14,28,"Ubongo","world","2019-12-01 2021-08-15","web",0
"30",2020-06-21,29,"Ubongo","world","2019-12-01 2021-08-15","web",0
"31",2020-06-28,26,"Ubongo","world","2019-12-01 2021-08-15","web",0
"32",2020-07-05,29,"Ubongo","world","2019-12-01 2021-08-15","web",0
"33",2020-07-12,15,"Ubongo","world","2019-12-01 2021-08-15","web",0
"34",2020-07-19,29,"Ubongo","world","2019-12-01 2021-08-15","web",0
"35",2020-07-26,18,"Ubongo","world","2019-12-01 2021-08-15","web",0
"36",2020-08-02,26,"Ubongo","world","2019-12-01 2021-08-15","web",0
"37",2020-08-09,24,"Ubongo","world","2019-12-01 2021-08-15","web",0
"38",2020-08-16,27,"Ubongo","world","2019-12-01 2021-08-15","web",0
"39",2020-08-23,15,"Ubongo","world","2019-12-01 2021-08-15","web",0
"40",2020-08-30,20,"Ubongo","world","2019-12-01 2021-08-15","web",0
"41",2020-09-06,22,"Ubongo","world","2019-12-01 2021-08-15","web",0
"42",2020-09-13,25,"Ubongo","world","2019-12-01 2021-08-15","web",0
"43",2020-09-20,20,"Ubongo","world","2019-12-01 2021-08-15","web",0
"44",2020-09-27,26,"Ubongo","world","2019-12-01 2021-08-15","web",0
"45",2020-10-04,30,"Ubongo","world","2019-12-01 2021-08-15","web",0
"46",2020-10-11,28,"Ubongo","world","2019-12-01 2021-08-15","web",0
"47",2020-10-18,32,"Ubongo","world","2019-12-01 2021-08-15","web",0
"48",2020-10-25,25,"Ubongo","world","2019-12-01 2021-08-15","web",0
"49",2020-11-01,43,"Ubongo","world","2019-12-01 2021-08-15","web",0
"50",2020-11-08,55,"Ubongo","world","2019-12-01 2021-08-15","web",0
"51",2020-11-15,49,"Ubongo","world","2019-12-01 2021-08-15","web",0
"52",2020-11-22,76,"Ubongo","world","2019-12-01 2021-08-15","web",0
"53",2020-11-29,60,"Ubongo","world","2019-12-01 2021-08-15","web",0
"54",2020-12-06,94,"Ubongo","world","2019-12-01 2021-08-15","web",0
"55",2020-12-13,100,"Ubongo","world","2019-12-01 2021-08-15","web",0
"56",2020-12-20,89,"Ubongo","world","2019-12-01 2021-08-15","web",0
"57",2020-12-27,83,"Ubongo","world","2019-12-01 2021-08-15","web",0
"58",2021-01-03,58,"Ubongo","world","2019-12-01 2021-08-15","web",0
"59",2021-01-10,45,"Ubongo","world","2019-12-01 2021-08-15","web",0
"60",2021-01-17,33,"Ubongo","world","2019-12-01 2021-08-15","web",0
"61",2021-01-24,32,"Ubongo","world","2019-12-01 2021-08-15","web",0
"62",2021-01-31,36,"Ubongo","world","2019-12-01 2021-08-15","web",0
"63",2021-02-07,32,"Ubongo","world","2019-12-01 2021-08-15","web",0
"64",2021-02-14,40,"Ubongo","world","2019-12-01 2021-08-15","web",0
"65",2021-02-21,34,"Ubongo","world","2019-12-01 2021-08-15","web",0
"66",2021-02-28,20,"Ubongo","world","2019-12-01 2021-08-15","web",0
"67",2021-03-07,23,"Ubongo","world","2019-12-01 2021-08-15","web",0
"68",2021-03-14,9,"Ubongo","world","2019-12-01 2021-08-15","web",0
"69",2021-03-21,28,"Ubongo","world","2019-12-01 2021-08-15","web",0
"70",2021-03-28,19,"Ubongo","world","2019-12-01 2021-08-15","web",0
"71",2021-04-04,25,"Ubongo","world","2019-12-01 2021-08-15","web",0
"72",2021-04-11,32,"Ubongo","world","2019-12-01 2021-08-15","web",0
"73",2021-04-18,22,"Ubongo","world","2019-12-01 2021-08-15","web",0
"74",2021-04-25,20,"Ubongo","world","2019-12-01 2021-08-15","web",0
"75",2021-05-02,19,"Ubongo","world","2019-12-01 2021-08-15","web",0
"76",2021-05-09,15,"Ubongo","world","2019-12-01 2021-08-15","web",0
"77",2021-05-16,20,"Ubongo","world","2019-12-01 2021-08-15","web",0
"78",2021-05-23,28,"Ubongo","world","2019-12-01 2021-08-15","web",0
"79",2021-05-30,16,"Ubongo","world","2019-12-01 2021-08-15","web",0
"80",2021-06-06,15,"Ubongo","world","2019-12-01 2021-08-15","web",0
"81",2021-06-13,18,"Ubongo","world","2019-12-01 2021-08-15","web",0
"82",2021-06-20,16,"Ubongo","world","2019-12-01 2021-08-15","web",0
"83",2021-06-27,17,"Ubongo","world","2019-12-01 2021-08-15","web",0
"84",2021-07-04,22,"Ubongo","world","2019-12-01 2021-08-15","web",0
"85",2021-07-11,26,"Ubongo","world","2019-12-01 2021-08-15","web",0
"86",2021-07-18,21,"Ubongo","world","2019-12-01 2021-08-15","web",0
"87",2021-07-25,26,"Ubongo","world","2019-12-01 2021-08-15","web",0
"88",2021-08-01,27,"Ubongo","world","2019-12-01 2021-08-15","web",0
"89",2021-08-08,22,"Ubongo","world","2019-12-01 2021-08-15","web",0
"90",2019-12-01,0,"Cell-Ed","world","2019-12-01 2021-08-15","web",0
"91",2019-12-08,0,"Cell-Ed","world","2019-12-01 2021-08-15","web",0
"92",2019-12-15,0,"Cell-Ed","world","2019-12-01 2021-08-15","web",0
"93",2019-12-22,0,"Cell-Ed","world","2019-12-01 2021-08-15","web",0
"94",2019-12-29,0,"Cell-Ed","world","2019-12-01 2021-08-15","web",0
"95",2020-01-05,0,"Cell-Ed","world","2019-12-01 2021-08-15","web",0
"96",2020-01-12,0,"Cell-Ed","world","2019-12-01 2021-08-15","web",0
"97",2020-01-19,0,"Cell-Ed","world","2019-12-01 2021-08-15","web",0
"98",2020-01-26,0,"Cell-Ed","world","2019-12-01 2021-08-15","web",0
"99",2020-02-02,0,"Cell-Ed","world","2019-12-01 2021-08-15","web",0
"100",2020-02-09,0,"Cell-Ed","world","2019-12-01 2021-08-15","web",0
"101",2020-02-16,0,"Cell-Ed","world","2019-12-01 2021-08-15","web",0
"102",2020-02-23,1,"Cell-Ed","world","2019-12-01 2021-08-15","web",0
"103",2020-03-01,0,"Cell-Ed","world","2019-12-01 2021-08-15","web",0
"104",2020-03-08,0,"Cell-Ed","world","2019-12-01 2021-08-15","web",0
"105",2020-03-15,0,"Cell-Ed","world","2019-12-01 2021-08-15","web",0
"106",2020-03-22,0,"Cell-Ed","world","2019-12-01 2021-08-15","web",0
"107",2020-03-29,0,"Cell-Ed","world","2019-12-01 2021-08-15","web",0
"108",2020-04-05,0,"Cell-Ed","world","2019-12-01 2021-08-15","web",0
"109",2020-04-12,0,"Cell-Ed","world","2019-12-01 2021-08-15","web",0
"110",2020-04-19,0,"Cell-Ed","world","2019-12-01 2021-08-15","web",0
"111",2020-04-26,1,"Cell-Ed","world","2019-12-01 2021-08-15","web",0
"112",2020-05-03,1,"Cell-Ed","world","2019-12-01 2021-08-15","web",0
"113",2020-05-10,0,"Cell-Ed","world","2019-12-01 2021-08-15","web",0
"114",2020-05-17,0,"Cell-Ed","world","2019-12-01 2021-08-15","web",0
"115",2020-05-24,0,"Cell-Ed","world","2019-12-01 2021-08-15","web",0
"116",2020-05-31,0,"Cell-Ed","world","2019-12-01 2021-08-15","web",0
"117",2020-06-07,0,"Cell-Ed","world","2019-12-01 2021-08-15","web",0
"118",2020-06-14,0,"Cell-Ed","world","2019-12-01 2021-08-15","web",0
"119",2020-06-21,0,"Cell-Ed","world","2019-12-01 2021-08-15","web",0
"120",2020-06-28,0,"Cell-Ed","world","2019-12-01 2021-08-15","web",0
"121",2020-07-05,0,"Cell-Ed","world","2019-12-01 2021-08-15","web",0
"122",2020-07-12,0,"Cell-Ed","world","2019-12-01 2021-08-15","web",0
"123",2020-07-19,0,"Cell-Ed","world","2019-12-01 2021-08-15","web",0
"124",2020-07-26,0,"Cell-Ed","world","2019-12-01 2021-08-15","web",0
"125",2020-08-02,0,"Cell-Ed","world","2019-12-01 2021-08-15","web",0
"126",2020-08-09,0,"Cell-Ed","world","2019-12-01 2021-08-15","web",0
"127",2020-08-16,0,"Cell-Ed","world","2019-12-01 2021-08-15","web",0
"128",2020-08-23,0,"Cell-Ed","world","2019-12-01 2021-08-15","web",0
"129",2020-08-30,0,"Cell-Ed","world","2019-12-01 2021-08-15","web",0
"130",2020-09-06,0,"Cell-Ed","world","2019-12-01 2021-08-15","web",0
"131",2020-09-13,0,"Cell-Ed","world","2019-12-01 2021-08-15","web",0
"132",2020-09-20,0,"Cell-Ed","world","2019-12-01 2021-08-15","web",0
"133",2020-09-27,1,"Cell-Ed","world","2019-12-01 2021-08-15","web",0
"134",2020-10-04,0,"Cell-Ed","world","2019-12-01 2021-08-15","web",0
"135",2020-10-11,0,"Cell-Ed","world","2019-12-01 2021-08-15","web",0
"136",2020-10-18,1,"Cell-Ed","world","2019-12-01 2021-08-15","web",0
"137",2020-10-25,0,"Cell-Ed","world","2019-12-01 2021-08-15","web",0
"138",2020-11-01,0,"Cell-Ed","world","2019-12-01 2021-08-15","web",0
"139",2020-11-08,0,"Cell-Ed","world","2019-12-01 2021-08-15","web",0
"140",2020-11-15,0,"Cell-Ed","world","2019-12-01 2021-08-15","web",0
"141",2020-11-22,0,"Cell-Ed","world","2019-12-01 2021-08-15","web",0
"142",2020-11-29,0,"Cell-Ed","world","2019-12-01 2021-08-15","web",0
"143",2020-12-06,0,"Cell-Ed","world","2019-12-01 2021-08-15","web",0
"144",2020-12-13,0,"Cell-Ed","world","2019-12-01 2021-08-15","web",0
"145",2020-12-20,0,"Cell-Ed","world","2019-12-01 2021-08-15","web",0
"146",2020-12-27,0,"Cell-Ed","world","2019-12-01 2021-08-15","web",0
"147",2021-01-03,0,"Cell-Ed","world","2019-12-01 2021-08-15","web",0
"148",2021-01-10,0,"Cell-Ed","world","2019-12-01 2021-08-15","web",0
"149",2021-01-17,0,"Cell-Ed","world","2019-12-01 2021-08-15","web",0
"150",2021-01-24,0,"Cell-Ed","world","2019-12-01 2021-08-15","web",0
"151",2021-01-31,0,"Cell-Ed","world","2019-12-01 2021-08-15","web",0
"152",2021-02-07,0,"Cell-Ed","world","2019-12-01 2021-08-15","web",0
"153",2021-02-14,1,"Cell-Ed","world","2019-12-01 2021-08-15","web",0
"154",2021-02-21,0,"Cell-Ed","world","2019-12-01 2021-08-15","web",0
"155",2021-02-28,0,"Cell-Ed","world","2019-12-01 2021-08-15","web",0
"156",2021-03-07,0,"Cell-Ed","world","2019-12-01 2021-08-15","web",0
"157",2021-03-14,0,"Cell-Ed","world","2019-12-01 2021-08-15","web",0
"158",2021-03-21,1,"Cell-Ed","world","2019-12-01 2021-08-15","web",0
"159",2021-03-28,0,"Cell-Ed","world","2019-12-01 2021-08-15","web",0
"160",2021-04-04,0,"Cell-Ed","world","2019-12-01 2021-08-15","web",0
"161",2021-04-11,0,"Cell-Ed","world","2019-12-01 2021-08-15","web",0
"162",2021-04-18,0,"Cell-Ed","world","2019-12-01 2021-08-15","web",0
"163",2021-04-25,0,"Cell-Ed","world","2019-12-01 2021-08-15","web",0
"164",2021-05-02,0,"Cell-Ed","world","2019-12-01 2021-08-15","web",0
"165",2021-05-09,0,"Cell-Ed","world","2019-12-01 2021-08-15","web",0
"166",2021-05-16,0,"Cell-Ed","world","2019-12-01 2021-08-15","web",0
"167",2021-05-23,0,"Cell-Ed","world","2019-12-01 2021-08-15","web",0
"168",2021-05-30,0,"Cell-Ed","world","2019-12-01 2021-08-15","web",0
"169",2021-06-06,0,"Cell-Ed","world","2019-12-01 2021-08-15","web",0
"170",2021-06-13,0,"Cell-Ed","world","2019-12-01 2021-08-15","web",0
"171",2021-06-20,0,"Cell-Ed","world","2019-12-01 2021-08-15","web",0
"172",2021-06-27,0,"Cell-Ed","world","2019-12-01 2021-08-15","web",0
"173",2021-07-04,1,"Cell-Ed","world","2019-12-01 2021-08-15","web",0
"174",2021-07-11,0,"Cell-Ed","world","2019-12-01 2021-08-15","web",0
"175",2021-07-18,0,"Cell-Ed","world","2019-12-01 2021-08-15","web",0
"176",2021-07-25,1,"Cell-Ed","world","2019-12-01 2021-08-15","web",0
"177",2021-08-01,0,"Cell-Ed","world","2019-12-01 2021-08-15","web",0
"178",2021-08-08,2,"Cell-Ed","world","2019-12-01 2021-08-15","web",0
"179",2019-12-01,0,"Eneza Education","world","2019-12-01 2021-08-15","web",0
"180",2019-12-08,1,"Eneza Education","world","2019-12-01 2021-08-15","web",0
"181",2019-12-15,0,"Eneza Education","world","2019-12-01 2021-08-15","web",0
"182",2019-12-22,0,"Eneza Education","world","2019-12-01 2021-08-15","web",0
"183",2019-12-29,0,"Eneza Education","world","2019-12-01 2021-08-15","web",0
"184",2020-01-05,0,"Eneza Education","world","2019-12-01 2021-08-15","web",0
"185",2020-01-12,1,"Eneza Education","world","2019-12-01 2021-08-15","web",0
"186",2020-01-19,0,"Eneza Education","world","2019-12-01 2021-08-15","web",0
"187",2020-01-26,1,"Eneza Education","world","2019-12-01 2021-08-15","web",0
"188",2020-02-02,0,"Eneza Education","world","2019-12-01 2021-08-15","web",0
"189",2020-02-09,1,"Eneza Education","world","2019-12-01 2021-08-15","web",0
"190",2020-02-16,0,"Eneza Education","world","2019-12-01 2021-08-15","web",0
"191",2020-02-23,0,"Eneza Education","world","2019-12-01 2021-08-15","web",0
"192",2020-03-01,0,"Eneza Education","world","2019-12-01 2021-08-15","web",0
"193",2020-03-08,0,"Eneza Education","world","2019-12-01 2021-08-15","web",0
"194",2020-03-15,0,"Eneza Education","world","2019-12-01 2021-08-15","web",0
"195",2020-03-22,0,"Eneza Education","world","2019-12-01 2021-08-15","web",0
"196",2020-03-29,2,"Eneza Education","world","2019-12-01 2021-08-15","web",0
"197",2020-04-05,1,"Eneza Education","world","2019-12-01 2021-08-15","web",0
"198",2020-04-12,1,"Eneza Education","world","2019-12-01 2021-08-15","web",0
"199",2020-04-19,0,"Eneza Education","world","2019-12-01 2021-08-15","web",0
"200",2020-04-26,0,"Eneza Education","world","2019-12-01 2021-08-15","web",0
"201",2020-05-03,1,"Eneza Education","world","2019-12-01 2021-08-15","web",0
"202",2020-05-10,0,"Eneza Education","world","2019-12-01 2021-08-15","web",0
"203",2020-05-17,1,"Eneza Education","world","2019-12-01 2021-08-15","web",0
"204",2020-05-24,0,"Eneza Education","world","2019-12-01 2021-08-15","web",0
"205",2020-05-31,0,"Eneza Education","world","2019-12-01 2021-08-15","web",0
"206",2020-06-07,0,"Eneza Education","world","2019-12-01 2021-08-15","web",0
"207",2020-06-14,0,"Eneza Education","world","2019-12-01 2021-08-15","web",0
"208",2020-06-21,0,"Eneza Education","world","2019-12-01 2021-08-15","web",0
"209",2020-06-28,0,"Eneza Education","world","2019-12-01 2021-08-15","web",0
"210",2020-07-05,0,"Eneza Education","world","2019-12-01 2021-08-15","web",0
"211",2020-07-12,0,"Eneza Education","world","2019-12-01 2021-08-15","web",0
"212",2020-07-19,0,"Eneza Education","world","2019-12-01 2021-08-15","web",0
"213",2020-07-26,0,"Eneza Education","world","2019-12-01 2021-08-15","web",0
"214",2020-08-02,0,"Eneza Education","world","2019-12-01 2021-08-15","web",0
"215",2020-08-09,3,"Eneza Education","world","2019-12-01 2021-08-15","web",0
"216",2020-08-16,0,"Eneza Education","world","2019-12-01 2021-08-15","web",0
"217",2020-08-23,0,"Eneza Education","world","2019-12-01 2021-08-15","web",0
"218",2020-08-30,0,"Eneza Education","world","2019-12-01 2021-08-15","web",0
"219",2020-09-06,0,"Eneza Education","world","2019-12-01 2021-08-15","web",0
"220",2020-09-13,0,"Eneza Education","world","2019-12-01 2021-08-15","web",0
"221",2020-09-20,1,"Eneza Education","world","2019-12-01 2021-08-15","web",0
"222",2020-09-27,0,"Eneza Education","world","2019-12-01 2021-08-15","web",0
"223",2020-10-04,0,"Eneza Education","world","2019-12-01 2021-08-15","web",0
"224",2020-10-11,0,"Eneza Education","world","2019-12-01 2021-08-15","web",0
"225",2020-10-18,0,"Eneza Education","world","2019-12-01 2021-08-15","web",0
"226",2020-10-25,0,"Eneza Education","world","2019-12-01 2021-08-15","web",0
"227",2020-11-01,0,"Eneza Education","world","2019-12-01 2021-08-15","web",0
"228",2020-11-08,0,"Eneza Education","world","2019-12-01 2021-08-15","web",0
"229",2020-11-15,1,"Eneza Education","world","2019-12-01 2021-08-15","web",0
"230",2020-11-22,0,"Eneza Education","world","2019-12-01 2021-08-15","web",0
"231",2020-11-29,0,"Eneza Education","world","2019-12-01 2021-08-15","web",0
"232",2020-12-06,0,"Eneza Education","world","2019-12-01 2021-08-15","web",0
"233",2020-12-13,0,"Eneza Education","world","2019-12-01 2021-08-15","web",0
"234",2020-12-20,0,"Eneza Education","world","2019-12-01 2021-08-15","web",0
"235",2020-12-27,0,"Eneza Education","world","2019-12-01 2021-08-15","web",0
"236",2021-01-03,0,"Eneza Education","world","2019-12-01 2021-08-15","web",0
"237",2021-01-10,0,"Eneza Education","world","2019-12-01 2021-08-15","web",0
"238",2021-01-17,0,"Eneza Education","world","2019-12-01 2021-08-15","web",0
"239",2021-01-24,0,"Eneza Education","world","2019-12-01 2021-08-15","web",0
"240",2021-01-31,0,"Eneza Education","world","2019-12-01 2021-08-15","web",0
"241",2021-02-07,0,"Eneza Education","world","2019-12-01 2021-08-15","web",0
"242",2021-02-14,0,"Eneza Education","world","2019-12-01 2021-08-15","web",0
"243",2021-02-21,0,"Eneza Education","world","2019-12-01 2021-08-15","web",0
"244",2021-02-28,0,"Eneza Education","world","2019-12-01 2021-08-15","web",0
"245",2021-03-07,0,"Eneza Education","world","2019-12-01 2021-08-15","web",0
"246",2021-03-14,0,"Eneza Education","world","2019-12-01 2021-08-15","web",0
"247",2021-03-21,0,"Eneza Education","world","2019-12-01 2021-08-15","web",0
"248",2021-03-28,0,"Eneza Education","world","2019-12-01 2021-08-15","web",0
"249",2021-04-04,0,"Eneza Education","world","2019-12-01 2021-08-15","web",0
"250",2021-04-11,1,"Eneza Education","world","2019-12-01 2021-08-15","web",0
"251",2021-04-18,0,"Eneza Education","world","2019-12-01 2021-08-15","web",0
"252",2021-04-25,0,"Eneza Education","world","2019-12-01 2021-08-15","web",0
"253",2021-05-02,0,"Eneza Education","world","2019-12-01 2021-08-15","web",0
"254",2021-05-09,0,"Eneza Education","world","2019-12-01 2021-08-15","web",0
"255",2021-05-16,0,"Eneza Education","world","2019-12-01 2021-08-15","web",0
"256",2021-05-23,1,"Eneza Education","world","2019-12-01 2021-08-15","web",0
"257",2021-05-30,0,"Eneza Education","world","2019-12-01 2021-08-15","web",0
"258",2021-06-06,0,"Eneza Education","world","2019-12-01 2021-08-15","web",0
"259",2021-06-13,0,"Eneza Education","world","2019-12-01 2021-08-15","web",0
"260",2021-06-20,0,"Eneza Education","world","2019-12-01 2021-08-15","web",0
"261",2021-06-27,1,"Eneza Education","world","2019-12-01 2021-08-15","web",0
"262",2021-07-04,0,"Eneza Education","world","2019-12-01 2021-08-15","web",0
"263",2021-07-11,0,"Eneza Education","world","2019-12-01 2021-08-15","web",0
"264",2021-07-18,0,"Eneza Education","world","2019-12-01 2021-08-15","web",0
"265",2021-07-25,0,"Eneza Education","world","2019-12-01 2021-08-15","web",0
"266",2021-08-01,0,"Eneza Education","world","2019-12-01 2021-08-15","web",0
"267",2021-08-08,2,"Eneza Education","world","2019-12-01 2021-08-15","web",0
"268",2019-12-01,4,"Funzi","world","2019-12-01 2021-08-15","web",0
"269",2019-12-08,7,"Funzi","world","2019-12-01 2021-08-15","web",0
"270",2019-12-15,6,"Funzi","world","2019-12-01 2021-08-15","web",0
"271",2019-12-22,2,"Funzi","world","2019-12-01 2021-08-15","web",0
"272",2019-12-29,6,"Funzi","world","2019-12-01 2021-08-15","web",0
"273",2020-01-05,7,"Funzi","world","2019-12-01 2021-08-15","web",0
"274",2020-01-12,4,"Funzi","world","2019-12-01 2021-08-15","web",0
"275",2020-01-19,3,"Funzi","world","2019-12-01 2021-08-15","web",0
"276",2020-01-26,3,"Funzi","world","2019-12-01 2021-08-15","web",0
"277",2020-02-02,3,"Funzi","world","2019-12-01 2021-08-15","web",0
"278",2020-02-09,7,"Funzi","world","2019-12-01 2021-08-15","web",0
"279",2020-02-16,11,"Funzi","world","2019-12-01 2021-08-15","web",0
"280",2020-02-23,5,"Funzi","world","2019-12-01 2021-08-15","web",0
"281",2020-03-01,8,"Funzi","world","2019-12-01 2021-08-15","web",0
"282",2020-03-08,4,"Funzi","world","2019-12-01 2021-08-15","web",0
"283",2020-03-15,6,"Funzi","world","2019-12-01 2021-08-15","web",0
"284",2020-03-22,8,"Funzi","world","2019-12-01 2021-08-15","web",0
"285",2020-03-29,6,"Funzi","world","2019-12-01 2021-08-15","web",0
"286",2020-04-05,8,"Funzi","world","2019-12-01 2021-08-15","web",0
"287",2020-04-12,5,"Funzi","world","2019-12-01 2021-08-15","web",0
"288",2020-04-19,9,"Funzi","world","2019-12-01 2021-08-15","web",0
"289",2020-04-26,9,"Funzi","world","2019-12-01 2021-08-15","web",0
"290",2020-05-03,10,"Funzi","world","2019-12-01 2021-08-15","web",0
"291",2020-05-10,5,"Funzi","world","2019-12-01 2021-08-15","web",0
"292",2020-05-17,4,"Funzi","world","2019-12-01 2021-08-15","web",0
"293",2020-05-24,6,"Funzi","world","2019-12-01 2021-08-15","web",0
"294",2020-05-31,4,"Funzi","world","2019-12-01 2021-08-15","web",0
"295",2020-06-07,0,"Funzi","world","2019-12-01 2021-08-15","web",0
"296",2020-06-14,6,"Funzi","world","2019-12-01 2021-08-15","web",0
"297",2020-06-21,5,"Funzi","world","2019-12-01 2021-08-15","web",0
"298",2020-06-28,3,"Funzi","world","2019-12-01 2021-08-15","web",0
"299",2020-07-05,3,"Funzi","world","2019-12-01 2021-08-15","web",0
"300",2020-07-12,7,"Funzi","world","2019-12-01 2021-08-15","web",0
"301",2020-07-19,11,"Funzi","world","2019-12-01 2021-08-15","web",0
"302",2020-07-26,4,"Funzi","world","2019-12-01 2021-08-15","web",0
"303",2020-08-02,7,"Funzi","world","2019-12-01 2021-08-15","web",0
"304",2020-08-09,7,"Funzi","world","2019-12-01 2021-08-15","web",0
"305",2020-08-16,5,"Funzi","world","2019-12-01 2021-08-15","web",0
"306",2020-08-23,1,"Funzi","world","2019-12-01 2021-08-15","web",0
"307",2020-08-30,5,"Funzi","world","2019-12-01 2021-08-15","web",0
"308",2020-09-06,12,"Funzi","world","2019-12-01 2021-08-15","web",0
"309",2020-09-13,10,"Funzi","world","2019-12-01 2021-08-15","web",0
"310",2020-09-20,6,"Funzi","world","2019-12-01 2021-08-15","web",0
"311",2020-09-27,3,"Funzi","world","2019-12-01 2021-08-15","web",0
"312",2020-10-04,9,"Funzi","world","2019-12-01 2021-08-15","web",0
"313",2020-10-11,4,"Funzi","world","2019-12-01 2021-08-15","web",0
"314",2020-10-18,7,"Funzi","world","2019-12-01 2021-08-15","web",0
"315",2020-10-25,7,"Funzi","world","2019-12-01 2021-08-15","web",0
"316",2020-11-01,6,"Funzi","world","2019-12-01 2021-08-15","web",0
"317",2020-11-08,7,"Funzi","world","2019-12-01 2021-08-15","web",0
"318",2020-11-15,5,"Funzi","world","2019-12-01 2021-08-15","web",0
"319",2020-11-22,3,"Funzi","world","2019-12-01 2021-08-15","web",0
"320",2020-11-29,19,"Funzi","world","2019-12-01 2021-08-15","web",0
"321",2020-12-06,11,"Funzi","world","2019-12-01 2021-08-15","web",0
"322",2020-12-13,7,"Funzi","world","2019-12-01 2021-08-15","web",0
"323",2020-12-20,6,"Funzi","world","2019-12-01 2021-08-15","web",0
"324",2020-12-27,10,"Funzi","world","2019-12-01 2021-08-15","web",0
"325",2021-01-03,1,"Funzi","world","2019-12-01 2021-08-15","web",0
"326",2021-01-10,1,"Funzi","world","2019-12-01 2021-08-15","web",0
"327",2021-01-17,7,"Funzi","world","2019-12-01 2021-08-15","web",0
"328",2021-01-24,4,"Funzi","world","2019-12-01 2021-08-15","web",0
"329",2021-01-31,3,"Funzi","world","2019-12-01 2021-08-15","web",0
"330",2021-02-07,7,"Funzi","world","2019-12-01 2021-08-15","web",0
"331",2021-02-14,7,"Funzi","world","2019-12-01 2021-08-15","web",0
"332",2021-02-21,4,"Funzi","world","2019-12-01 2021-08-15","web",0
"333",2021-02-28,3,"Funzi","world","2019-12-01 2021-08-15","web",0
"334",2021-03-07,16,"Funzi","world","2019-12-01 2021-08-15","web",0
"335",2021-03-14,4,"Funzi","world","2019-12-01 2021-08-15","web",0
"336",2021-03-21,4,"Funzi","world","2019-12-01 2021-08-15","web",0
"337",2021-03-28,4,"Funzi","world","2019-12-01 2021-08-15","web",0
"338",2021-04-04,5,"Funzi","world","2019-12-01 2021-08-15","web",0
"339",2021-04-11,3,"Funzi","world","2019-12-01 2021-08-15","web",0
"340",2021-04-18,7,"Funzi","world","2019-12-01 2021-08-15","web",0
"341",2021-04-25,5,"Funzi","world","2019-12-01 2021-08-15","web",0
"342",2021-05-02,3,"Funzi","world","2019-12-01 2021-08-15","web",0
"343",2021-05-09,6,"Funzi","world","2019-12-01 2021-08-15","web",0
"344",2021-05-16,7,"Funzi","world","2019-12-01 2021-08-15","web",0
"345",2021-05-23,6,"Funzi","world","2019-12-01 2021-08-15","web",0
"346",2021-05-30,11,"Funzi","world","2019-12-01 2021-08-15","web",0
"347",2021-06-06,6,"Funzi","world","2019-12-01 2021-08-15","web",0
"348",2021-06-13,1,"Funzi","world","2019-12-01 2021-08-15","web",0
"349",2021-06-20,3,"Funzi","world","2019-12-01 2021-08-15","web",0
"350",2021-06-27,11,"Funzi","world","2019-12-01 2021-08-15","web",0
"351",2021-07-04,1,"Funzi","world","2019-12-01 2021-08-15","web",0
"352",2021-07-11,4,"Funzi","world","2019-12-01 2021-08-15","web",0
"353",2021-07-18,10,"Funzi","world","2019-12-01 2021-08-15","web",0
"354",2021-07-25,10,"Funzi","world","2019-12-01 2021-08-15","web",0
"355",2021-08-01,10,"Funzi","world","2019-12-01 2021-08-15","web",0
"356",2021-08-08,8,"Funzi","world","2019-12-01 2021-08-15","web",0
"357",2019-12-01,46,"Ubongo","world","2019-12-01 2021-08-15","web",0
"358",2019-12-08,76,"Ubongo","world","2019-12-01 2021-08-15","web",0
"359",2019-12-15,42,"Ubongo","world","2019-12-01 2021-08-15","web",0
"360",2019-12-22,80,"Ubongo","world","2019-12-01 2021-08-15","web",0
"361",2019-12-29,34,"Ubongo","world","2019-12-01 2021-08-15","web",0
"362",2020-01-05,30,"Ubongo","world","2019-12-01 2021-08-15","web",0
"363",2020-01-12,28,"Ubongo","world","2019-12-01 2021-08-15","web",0
"364",2020-01-19,32,"Ubongo","world","2019-12-01 2021-08-15","web",0
"365",2020-01-26,25,"Ubongo","world","2019-12-01 2021-08-15","web",0
"366",2020-02-02,19,"Ubongo","world","2019-12-01 2021-08-15","web",0
"367",2020-02-09,19,"Ubongo","world","2019-12-01 2021-08-15","web",0
"368",2020-02-16,18,"Ubongo","world","2019-12-01 2021-08-15","web",0
"369",2020-02-23,23,"Ubongo","world","2019-12-01 2021-08-15","web",0
"370",2020-03-01,24,"Ubongo","world","2019-12-01 2021-08-15","web",0
"371",2020-03-08,21,"Ubongo","world","2019-12-01 2021-08-15","web",0
"372",2020-03-15,28,"Ubongo","world","2019-12-01 2021-08-15","web",0
"373",2020-03-22,34,"Ubongo","world","2019-12-01 2021-08-15","web",0
"374",2020-03-29,39,"Ubongo","world","2019-12-01 2021-08-15","web",0
"375",2020-04-05,25,"Ubongo","world","2019-12-01 2021-08-15","web",0
"376",2020-04-12,23,"Ubongo","world","2019-12-01 2021-08-15","web",0
"377",2020-04-19,45,"Ubongo","world","2019-12-01 2021-08-15","web",0
"378",2020-04-26,35,"Ubongo","world","2019-12-01 2021-08-15","web",0
"379",2020-05-03,30,"Ubongo","world","2019-12-01 2021-08-15","web",0
"380",2020-05-10,33,"Ubongo","world","2019-12-01 2021-08-15","web",0
"381",2020-05-17,15,"Ubongo","world","2019-12-01 2021-08-15","web",0
"382",2020-05-24,35,"Ubongo","world","2019-12-01 2021-08-15","web",0
"383",2020-05-31,31,"Ubongo","world","2019-12-01 2021-08-15","web",0
"384",2020-06-07,21,"Ubongo","world","2019-12-01 2021-08-15","web",0
"385",2020-06-14,28,"Ubongo","world","2019-12-01 2021-08-15","web",0
"386",2020-06-21,29,"Ubongo","world","2019-12-01 2021-08-15","web",0
"387",2020-06-28,26,"Ubongo","world","2019-12-01 2021-08-15","web",0
"388",2020-07-05,29,"Ubongo","world","2019-12-01 2021-08-15","web",0
"389",2020-07-12,15,"Ubongo","world","2019-12-01 2021-08-15","web",0
"390",2020-07-19,29,"Ubongo","world","2019-12-01 2021-08-15","web",0
"391",2020-07-26,18,"Ubongo","world","2019-12-01 2021-08-15","web",0
"392",2020-08-02,26,"Ubongo","world","2019-12-01 2021-08-15","web",0
"393",2020-08-09,24,"Ubongo","world","2019-12-01 2021-08-15","web",0
"394",2020-08-16,27,"Ubongo","world","2019-12-01 2021-08-15","web",0
"395",2020-08-23,15,"Ubongo","world","2019-12-01 2021-08-15","web",0
"396",2020-08-30,20,"Ubongo","world","2019-12-01 2021-08-15","web",0
"397",2020-09-06,22,"Ubongo","world","2019-12-01 2021-08-15","web",0
"398",2020-09-13,25,"Ubongo","world","2019-12-01 2021-08-15","web",0
"399",2020-09-20,20,"Ubongo","world","2019-12-01 2021-08-15","web",0
"400",2020-09-27,26,"Ubongo","world","2019-12-01 2021-08-15","web",0
"401",2020-10-04,30,"Ubongo","world","2019-12-01 2021-08-15","web",0
"402",2020-10-11,28,"Ubongo","world","2019-12-01 2021-08-15","web",0
"403",2020-10-18,32,"Ubongo","world","2019-12-01 2021-08-15","web",0
"404",2020-10-25,25,"Ubongo","world","2019-12-01 2021-08-15","web",0
"405",2020-11-01,43,"Ubongo","world","2019-12-01 2021-08-15","web",0
"406",2020-11-08,55,"Ubongo","world","2019-12-01 2021-08-15","web",0
"407",2020-11-15,49,"Ubongo","world","2019-12-01 2021-08-15","web",0
"408",2020-11-22,76,"Ubongo","world","2019-12-01 2021-08-15","web",0
"409",2020-11-29,60,"Ubongo","world","2019-12-01 2021-08-15","web",0
"410",2020-12-06,94,"Ubongo","world","2019-12-01 2021-08-15","web",0
"411",2020-12-13,100,"Ubongo","world","2019-12-01 2021-08-15","web",0
"412",2020-12-20,89,"Ubongo","world","2019-12-01 2021-08-15","web",0
"413",2020-12-27,83,"Ubongo","world","2019-12-01 2021-08-15","web",0
"414",2021-01-03,58,"Ubongo","world","2019-12-01 2021-08-15","web",0
"415",2021-01-10,45,"Ubongo","world","2019-12-01 2021-08-15","web",0
"416",2021-01-17,33,"Ubongo","world","2019-12-01 2021-08-15","web",0
"417",2021-01-24,32,"Ubongo","world","2019-12-01 2021-08-15","web",0
"418",2021-01-31,36,"Ubongo","world","2019-12-01 2021-08-15","web",0
"419",2021-02-07,32,"Ubongo","world","2019-12-01 2021-08-15","web",0
"420",2021-02-14,40,"Ubongo","world","2019-12-01 2021-08-15","web",0
"421",2021-02-21,34,"Ubongo","world","2019-12-01 2021-08-15","web",0
"422",2021-02-28,20,"Ubongo","world","2019-12-01 2021-08-15","web",0
"423",2021-03-07,23,"Ubongo","world","2019-12-01 2021-08-15","web",0
"424",2021-03-14,9,"Ubongo","world","2019-12-01 2021-08-15","web",0
"425",2021-03-21,28,"Ubongo","world","2019-12-01 2021-08-15","web",0
"426",2021-03-28,19,"Ubongo","world","2019-12-01 2021-08-15","web",0
"427",2021-04-04,25,"Ubongo","world","2019-12-01 2021-08-15","web",0
"428",2021-04-11,32,"Ubongo","world","2019-12-01 2021-08-15","web",0
"429",2021-04-18,22,"Ubongo","world","2019-12-01 2021-08-15","web",0
"430",2021-04-25,20,"Ubongo","world","2019-12-01 2021-08-15","web",0
"431",2021-05-02,19,"Ubongo","world","2019-12-01 2021-08-15","web",0
"432",2021-05-09,15,"Ubongo","world","2019-12-01 2021-08-15","web",0
"433",2021-05-16,20,"Ubongo","world","2019-12-01 2021-08-15","web",0
"434",2021-05-23,28,"Ubongo","world","2019-12-01 2021-08-15","web",0
"435",2021-05-30,16,"Ubongo","world","2019-12-01 2021-08-15","web",0
"436",2021-06-06,15,"Ubongo","world","2019-12-01 2021-08-15","web",0
"437",2021-06-13,18,"Ubongo","world","2019-12-01 2021-08-15","web",0
"438",2021-06-20,16,"Ubongo","world","2019-12-01 2021-08-15","web",0
"439",2021-06-27,17,"Ubongo","world","2019-12-01 2021-08-15","web",0
"440",2021-07-04,22,"Ubongo","world","2019-12-01 2021-08-15","web",0
"441",2021-07-11,26,"Ubongo","world","2019-12-01 2021-08-15","web",0
"442",2021-07-18,21,"Ubongo","world","2019-12-01 2021-08-15","web",0
"443",2021-07-25,26,"Ubongo","world","2019-12-01 2021-08-15","web",0
"444",2021-08-01,27,"Ubongo","world","2019-12-01 2021-08-15","web",0
"445",2021-08-08,22,"Ubongo","world","2019-12-01 2021-08-15","web",0
"446",2019-12-01,3,"Ustad Mobile","world","2019-12-01 2021-08-15","web",0
"447",2019-12-08,0,"Ustad Mobile","world","2019-12-01 2021-08-15","web",0
"448",2019-12-15,0,"Ustad Mobile","world","2019-12-01 2021-08-15","web",0
"449",2019-12-22,0,"Ustad Mobile","world","2019-12-01 2021-08-15","web",0
"450",2019-12-29,0,"Ustad Mobile","world","2019-12-01 2021-08-15","web",0
"451",2020-01-05,0,"Ustad Mobile","world","2019-12-01 2021-08-15","web",0
"452",2020-01-12,0,"Ustad Mobile","world","2019-12-01 2021-08-15","web",0
"453",2020-01-19,0,"Ustad Mobile","world","2019-12-01 2021-08-15","web",0
"454",2020-01-26,0,"Ustad Mobile","world","2019-12-01 2021-08-15","web",0
"455",2020-02-02,0,"Ustad Mobile","world","2019-12-01 2021-08-15","web",0
"456",2020-02-09,0,"Ustad Mobile","world","2019-12-01 2021-08-15","web",0
"457",2020-02-16,0,"Ustad Mobile","world","2019-12-01 2021-08-15","web",0
"458",2020-02-23,0,"Ustad Mobile","world","2019-12-01 2021-08-15","web",0
"459",2020-03-01,0,"Ustad Mobile","world","2019-12-01 2021-08-15","web",0
"460",2020-03-08,1,"Ustad Mobile","world","2019-12-01 2021-08-15","web",0
"461",2020-03-15,0,"Ustad Mobile","world","2019-12-01 2021-08-15","web",0
"462",2020-03-22,0,"Ustad Mobile","world","2019-12-01 2021-08-15","web",0
"463",2020-03-29,0,"Ustad Mobile","world","2019-12-01 2021-08-15","web",0
"464",2020-04-05,0,"Ustad Mobile","world","2019-12-01 2021-08-15","web",0
"465",2020-04-12,3,"Ustad Mobile","world","2019-12-01 2021-08-15","web",0
"466",2020-04-19,0,"Ustad Mobile","world","2019-12-01 2021-08-15","web",0
"467",2020-04-26,0,"Ustad Mobile","world","2019-12-01 2021-08-15","web",0
"468",2020-05-03,0,"Ustad Mobile","world","2019-12-01 2021-08-15","web",0
"469",2020-05-10,1,"Ustad Mobile","world","2019-12-01 2021-08-15","web",0
"470",2020-05-17,0,"Ustad Mobile","world","2019-12-01 2021-08-15","web",0
"471",2020-05-24,0,"Ustad Mobile","world","2019-12-01 2021-08-15","web",0
"472",2020-05-31,0,"Ustad Mobile","world","2019-12-01 2021-08-15","web",0
"473",2020-06-07,1,"Ustad Mobile","world","2019-12-01 2021-08-15","web",0
"474",2020-06-14,0,"Ustad Mobile","world","2019-12-01 2021-08-15","web",0
"475",2020-06-21,1,"Ustad Mobile","world","2019-12-01 2021-08-15","web",0
"476",2020-06-28,0,"Ustad Mobile","world","2019-12-01 2021-08-15","web",0
"477",2020-07-05,0,"Ustad Mobile","world","2019-12-01 2021-08-15","web",0
"478",2020-07-12,1,"Ustad Mobile","world","2019-12-01 2021-08-15","web",0
"479",2020-07-19,0,"Ustad Mobile","world","2019-12-01 2021-08-15","web",0
"480",2020-07-26,0,"Ustad Mobile","world","2019-12-01 2021-08-15","web",0
"481",2020-08-02,0,"Ustad Mobile","world","2019-12-01 2021-08-15","web",0
"482",2020-08-09,1,"Ustad Mobile","world","2019-12-01 2021-08-15","web",0
"483",2020-08-16,0,"Ustad Mobile","world","2019-12-01 2021-08-15","web",0
"484",2020-08-23,0,"Ustad Mobile","world","2019-12-01 2021-08-15","web",0
"485",2020-08-30,0,"Ustad Mobile","world","2019-12-01 2021-08-15","web",0
"486",2020-09-06,3,"Ustad Mobile","world","2019-12-01 2021-08-15","web",0
"487",2020-09-13,1,"Ustad Mobile","world","2019-12-01 2021-08-15","web",0
"488",2020-09-20,0,"Ustad Mobile","world","2019-12-01 2021-08-15","web",0
"489",2020-09-27,0,"Ustad Mobile","world","2019-12-01 2021-08-15","web",0
"490",2020-10-04,0,"Ustad Mobile","world","2019-12-01 2021-08-15","web",0
"491",2020-10-11,0,"Ustad Mobile","world","2019-12-01 2021-08-15","web",0
"492",2020-10-18,0,"Ustad Mobile","world","2019-12-01 2021-08-15","web",0
"493",2020-10-25,1,"Ustad Mobile","world","2019-12-01 2021-08-15","web",0
"494",2020-11-01,0,"Ustad Mobile","world","2019-12-01 2021-08-15","web",0
"495",2020-11-08,0,"Ustad Mobile","world","2019-12-01 2021-08-15","web",0
"496",2020-11-15,1,"Ustad Mobile","world","2019-12-01 2021-08-15","web",0
"497",2020-11-22,0,"Ustad Mobile","world","2019-12-01 2021-08-15","web",0
"498",2020-11-29,0,"Ustad Mobile","world","2019-12-01 2021-08-15","web",0
"499",2020-12-06,1,"Ustad Mobile","world","2019-12-01 2021-08-15","web",0
"500",2020-12-13,0,"Ustad Mobile","world","2019-12-01 2021-08-15","web",0
"501",2020-12-20,0,"Ustad Mobile","world","2019-12-01 2021-08-15","web",0
"502",2020-12-27,0,"Ustad Mobile","world","2019-12-01 2021-08-15","web",0
"503",2021-01-03,0,"Ustad Mobile","world","2019-12-01 2021-08-15","web",0
"504",2021-01-10,0,"Ustad Mobile","world","2019-12-01 2021-08-15","web",0
"505",2021-01-17,1,"Ustad Mobile","world","2019-12-01 2021-08-15","web",0
"506",2021-01-24,3,"Ustad Mobile","world","2019-12-01 2021-08-15","web",0
"507",2021-01-31,1,"Ustad Mobile","world","2019-12-01 2021-08-15","web",0
"508",2021-02-07,1,"Ustad Mobile","world","2019-12-01 2021-08-15","web",0
"509",2021-02-14,1,"Ustad Mobile","world","2019-12-01 2021-08-15","web",0
"510",2021-02-21,1,"Ustad Mobile","world","2019-12-01 2021-08-15","web",0
"511",2021-02-28,0,"Ustad Mobile","world","2019-12-01 2021-08-15","web",0
"512",2021-03-07,0,"Ustad Mobile","world","2019-12-01 2021-08-15","web",0
"513",2021-03-14,0,"Ustad Mobile","world","2019-12-01 2021-08-15","web",0
"514",2021-03-21,0,"Ustad Mobile","world","2019-12-01 2021-08-15","web",0
"515",2021-03-28,0,"Ustad Mobile","world","2019-12-01 2021-08-15","web",0
"516",2021-04-04,3,"Ustad Mobile","world","2019-12-01 2021-08-15","web",0
"517",2021-04-11,0,"Ustad Mobile","world","2019-12-01 2021-08-15","web",0
"518",2021-04-18,0,"Ustad Mobile","world","2019-12-01 2021-08-15","web",0
"519",2021-04-25,1,"Ustad Mobile","world","2019-12-01 2021-08-15","web",0
"520",2021-05-02,0,"Ustad Mobile","world","2019-12-01 2021-08-15","web",0
"521",2021-05-09,0,"Ustad Mobile","world","2019-12-01 2021-08-15","web",0
"522",2021-05-16,0,"Ustad Mobile","world","2019-12-01 2021-08-15","web",0
"523",2021-05-23,1,"Ustad Mobile","world","2019-12-01 2021-08-15","web",0
"524",2021-05-30,0,"Ustad Mobile","world","2019-12-01 2021-08-15","web",0
"525",2021-06-06,0,"Ustad Mobile","world","2019-12-01 2021-08-15","web",0
"526",2021-06-13,0,"Ustad Mobile","world","2019-12-01 2021-08-15","web",0
"527",2021-06-20,0,"Ustad Mobile","world","2019-12-01 2021-08-15","web",0
"528",2021-06-27,0,"Ustad Mobile","world","2019-12-01 2021-08-15","web",0
"529",2021-07-04,0,"Ustad Mobile","world","2019-12-01 2021-08-15","web",0
"530",2021-07-11,0,"Ustad Mobile","world","2019-12-01 2021-08-15","web",0
"531",2021-07-18,0,"Ustad Mobile","world","2019-12-01 2021-08-15","web",0
"532",2021-07-25,0,"Ustad Mobile","world","2019-12-01 2021-08-15","web",0
"533",2021-08-01,0,"Ustad Mobile","world","2019-12-01 2021-08-15","web",0
"534",2021-08-08,0,"Ustad Mobile","world","2019-12-01 2021-08-15","web",0
