"","date","hits","keyword","geo","time","gprop","category"
"1",2019-12-01,"58","Canvas","world","2019-12-01 2021-08-15","web",0
"2",2019-12-08,"56","Canvas","world","2019-12-01 2021-08-15","web",0
"3",2019-12-15,"42","Canvas","world","2019-12-01 2021-08-15","web",0
"4",2019-12-22,"24","Canvas","world","2019-12-01 2021-08-15","web",0
"5",2019-12-29,"26","Canvas","world","2019-12-01 2021-08-15","web",0
"6",2020-01-05,"43","Canvas","world","2019-12-01 2021-08-15","web",0
"7",2020-01-12,"49","Canvas","world","2019-12-01 2021-08-15","web",0
"8",2020-01-19,"50","Canvas","world","2019-12-01 2021-08-15","web",0
"9",2020-01-26,"53","Canvas","world","2019-12-01 2021-08-15","web",0
"10",2020-02-02,"52","Canvas","world","2019-12-01 2021-08-15","web",0
"11",2020-02-09,"52","Canvas","world","2019-12-01 2021-08-15","web",0
"12",2020-02-16,"52","Canvas","world","2019-12-01 2021-08-15","web",0
"13",2020-02-23,"53","Canvas","world","2019-12-01 2021-08-15","web",0
"14",2020-03-01,"52","Canvas","world","2019-12-01 2021-08-15","web",0
"15",2020-03-08,"48","Canvas","world","2019-12-01 2021-08-15","web",0
"16",2020-03-15,"50","Canvas","world","2019-12-01 2021-08-15","web",0
"17",2020-03-22,"59","Canvas","world","2019-12-01 2021-08-15","web",0
"18",2020-03-29,"66","Canvas","world","2019-12-01 2021-08-15","web",0
"19",2020-04-05,"58","Canvas","world","2019-12-01 2021-08-15","web",0
"20",2020-04-12,"65","Canvas","world","2019-12-01 2021-08-15","web",0
"21",2020-04-19,"65","Canvas","world","2019-12-01 2021-08-15","web",0
"22",2020-04-26,"62","Canvas","world","2019-12-01 2021-08-15","web",0
"23",2020-05-03,"60","Canvas","world","2019-12-01 2021-08-15","web",0
"24",2020-05-10,"56","Canvas","world","2019-12-01 2021-08-15","web",0
"25",2020-05-17,"52","Canvas","world","2019-12-01 2021-08-15","web",0
"26",2020-05-24,"47","Canvas","world","2019-12-01 2021-08-15","web",0
"27",2020-05-31,"44","Canvas","world","2019-12-01 2021-08-15","web",0
"28",2020-06-07,"46","Canvas","world","2019-12-01 2021-08-15","web",0
"29",2020-06-14,"44","Canvas","world","2019-12-01 2021-08-15","web",0
"30",2020-06-21,"41","Canvas","world","2019-12-01 2021-08-15","web",0
"31",2020-06-28,"41","Canvas","world","2019-12-01 2021-08-15","web",0
"32",2020-07-05,"42","Canvas","world","2019-12-01 2021-08-15","web",0
"33",2020-07-12,"42","Canvas","world","2019-12-01 2021-08-15","web",0
"34",2020-07-19,"42","Canvas","world","2019-12-01 2021-08-15","web",0
"35",2020-07-26,"43","Canvas","world","2019-12-01 2021-08-15","web",0
"36",2020-08-02,"49","Canvas","world","2019-12-01 2021-08-15","web",0
"37",2020-08-09,"58","Canvas","world","2019-12-01 2021-08-15","web",0
"38",2020-08-16,"80","Canvas","world","2019-12-01 2021-08-15","web",0
"39",2020-08-23,"100","Canvas","world","2019-12-01 2021-08-15","web",0
"40",2020-08-30,"97","Canvas","world","2019-12-01 2021-08-15","web",0
"41",2020-09-06,"85","Canvas","world","2019-12-01 2021-08-15","web",0
"42",2020-09-13,"84","Canvas","world","2019-12-01 2021-08-15","web",0
"43",2020-09-20,"76","Canvas","world","2019-12-01 2021-08-15","web",0
"44",2020-09-27,"66","Canvas","world","2019-12-01 2021-08-15","web",0
"45",2020-10-04,"65","Canvas","world","2019-12-01 2021-08-15","web",0
"46",2020-10-11,"55","Canvas","world","2019-12-01 2021-08-15","web",0
"47",2020-10-18,"53","Canvas","world","2019-12-01 2021-08-15","web",0
"48",2020-10-25,"52","Canvas","world","2019-12-01 2021-08-15","web",0
"49",2020-11-01,"48","Canvas","world","2019-12-01 2021-08-15","web",0
"50",2020-11-08,"50","Canvas","world","2019-12-01 2021-08-15","web",0
"51",2020-11-15,"52","Canvas","world","2019-12-01 2021-08-15","web",0
"52",2020-11-22,"44","Canvas","world","2019-12-01 2021-08-15","web",0
"53",2020-11-29,"52","Canvas","world","2019-12-01 2021-08-15","web",0
"54",2020-12-06,"50","Canvas","world","2019-12-01 2021-08-15","web",0
"55",2020-12-13,"45","Canvas","world","2019-12-01 2021-08-15","web",0
"56",2020-12-20,"27","Canvas","world","2019-12-01 2021-08-15","web",0
"57",2020-12-27,"26","Canvas","world","2019-12-01 2021-08-15","web",0
"58",2021-01-03,"38","Canvas","world","2019-12-01 2021-08-15","web",0
"59",2021-01-10,"43","Canvas","world","2019-12-01 2021-08-15","web",0
"60",2021-01-17,"45","Canvas","world","2019-12-01 2021-08-15","web",0
"61",2021-01-24,"47","Canvas","world","2019-12-01 2021-08-15","web",0
"62",2021-01-31,"47","Canvas","world","2019-12-01 2021-08-15","web",0
"63",2021-02-07,"47","Canvas","world","2019-12-01 2021-08-15","web",0
"64",2021-02-14,"44","Canvas","world","2019-12-01 2021-08-15","web",0
"65",2021-02-21,"47","Canvas","world","2019-12-01 2021-08-15","web",0
"66",2021-02-28,"47","Canvas","world","2019-12-01 2021-08-15","web",0
"67",2021-03-07,"45","Canvas","world","2019-12-01 2021-08-15","web",0
"68",2021-03-14,"43","Canvas","world","2019-12-01 2021-08-15","web",0
"69",2021-03-21,"47","Canvas","world","2019-12-01 2021-08-15","web",0
"70",2021-03-28,"42","Canvas","world","2019-12-01 2021-08-15","web",0
"71",2021-04-04,"45","Canvas","world","2019-12-01 2021-08-15","web",0
"72",2021-04-11,"47","Canvas","world","2019-12-01 2021-08-15","web",0
"73",2021-04-18,"45","Canvas","world","2019-12-01 2021-08-15","web",0
"74",2021-04-25,"45","Canvas","world","2019-12-01 2021-08-15","web",0
"75",2021-05-02,"43","Canvas","world","2019-12-01 2021-08-15","web",0
"76",2021-05-09,"41","Canvas","world","2019-12-01 2021-08-15","web",0
"77",2021-05-16,"39","Canvas","world","2019-12-01 2021-08-15","web",0
"78",2021-05-23,"38","Canvas","world","2019-12-01 2021-08-15","web",0
"79",2021-05-30,"36","Canvas","world","2019-12-01 2021-08-15","web",0
"80",2021-06-06,"35","Canvas","world","2019-12-01 2021-08-15","web",0
"81",2021-06-13,"33","Canvas","world","2019-12-01 2021-08-15","web",0
"82",2021-06-20,"32","Canvas","world","2019-12-01 2021-08-15","web",0
"83",2021-06-27,"31","Canvas","world","2019-12-01 2021-08-15","web",0
"84",2021-07-04,"30","Canvas","world","2019-12-01 2021-08-15","web",0
"85",2021-07-11,"30","Canvas","world","2019-12-01 2021-08-15","web",0
"86",2021-07-18,"30","Canvas","world","2019-12-01 2021-08-15","web",0
"87",2021-07-25,"29","Canvas","world","2019-12-01 2021-08-15","web",0
"88",2021-08-01,"30","Canvas","world","2019-12-01 2021-08-15","web",0
"89",2021-08-08,"33","Canvas","world","2019-12-01 2021-08-15","web",0
"90",2019-12-01,"8","Alison","world","2019-12-01 2021-08-15","web",0
"91",2019-12-08,"8","Alison","world","2019-12-01 2021-08-15","web",0
"92",2019-12-15,"8","Alison","world","2019-12-01 2021-08-15","web",0
"93",2019-12-22,"9","Alison","world","2019-12-01 2021-08-15","web",0
"94",2019-12-29,"9","Alison","world","2019-12-01 2021-08-15","web",0
"95",2020-01-05,"8","Alison","world","2019-12-01 2021-08-15","web",0
"96",2020-01-12,"9","Alison","world","2019-12-01 2021-08-15","web",0
"97",2020-01-19,"9","Alison","world","2019-12-01 2021-08-15","web",0
"98",2020-01-26,"16","Alison","world","2019-12-01 2021-08-15","web",0
"99",2020-02-02,"9","Alison","world","2019-12-01 2021-08-15","web",0
"100",2020-02-09,"9","Alison","world","2019-12-01 2021-08-15","web",0
"101",2020-02-16,"10","Alison","world","2019-12-01 2021-08-15","web",0
"102",2020-02-23,"10","Alison","world","2019-12-01 2021-08-15","web",0
"103",2020-03-01,"9","Alison","world","2019-12-01 2021-08-15","web",0
"104",2020-03-08,"9","Alison","world","2019-12-01 2021-08-15","web",0
"105",2020-03-15,"8","Alison","world","2019-12-01 2021-08-15","web",0
"106",2020-03-22,"9","Alison","world","2019-12-01 2021-08-15","web",0
"107",2020-03-29,"11","Alison","world","2019-12-01 2021-08-15","web",0
"108",2020-04-05,"12","Alison","world","2019-12-01 2021-08-15","web",0
"109",2020-04-12,"12","Alison","world","2019-12-01 2021-08-15","web",0
"110",2020-04-19,"11","Alison","world","2019-12-01 2021-08-15","web",0
"111",2020-04-26,"11","Alison","world","2019-12-01 2021-08-15","web",0
"112",2020-05-03,"12","Alison","world","2019-12-01 2021-08-15","web",0
"113",2020-05-10,"14","Alison","world","2019-12-01 2021-08-15","web",0
"114",2020-05-17,"11","Alison","world","2019-12-01 2021-08-15","web",0
"115",2020-05-24,"10","Alison","world","2019-12-01 2021-08-15","web",0
"116",2020-05-31,"10","Alison","world","2019-12-01 2021-08-15","web",0
"117",2020-06-07,"10","Alison","world","2019-12-01 2021-08-15","web",0
"118",2020-06-14,"9","Alison","world","2019-12-01 2021-08-15","web",0
"119",2020-06-21,"10","Alison","world","2019-12-01 2021-08-15","web",0
"120",2020-06-28,"9","Alison","world","2019-12-01 2021-08-15","web",0
"121",2020-07-05,"9","Alison","world","2019-12-01 2021-08-15","web",0
"122",2020-07-12,"9","Alison","world","2019-12-01 2021-08-15","web",0
"123",2020-07-19,"10","Alison","world","2019-12-01 2021-08-15","web",0
"124",2020-07-26,"10","Alison","world","2019-12-01 2021-08-15","web",0
"125",2020-08-02,"11","Alison","world","2019-12-01 2021-08-15","web",0
"126",2020-08-09,"9","Alison","world","2019-12-01 2021-08-15","web",0
"127",2020-08-16,"9","Alison","world","2019-12-01 2021-08-15","web",0
"128",2020-08-23,"8","Alison","world","2019-12-01 2021-08-15","web",0
"129",2020-08-30,"9","Alison","world","2019-12-01 2021-08-15","web",0
"130",2020-09-06,"8","Alison","world","2019-12-01 2021-08-15","web",0
"131",2020-09-13,"9","Alison","world","2019-12-01 2021-08-15","web",0
"132",2020-09-20,"8","Alison","world","2019-12-01 2021-08-15","web",0
"133",2020-09-27,"9","Alison","world","2019-12-01 2021-08-15","web",0
"134",2020-10-04,"9","Alison","world","2019-12-01 2021-08-15","web",0
"135",2020-10-11,"9","Alison","world","2019-12-01 2021-08-15","web",0
"136",2020-10-18,"8","Alison","world","2019-12-01 2021-08-15","web",0
"137",2020-10-25,"8","Alison","world","2019-12-01 2021-08-15","web",0
"138",2020-11-01,"7","Alison","world","2019-12-01 2021-08-15","web",0
"139",2020-11-08,"8","Alison","world","2019-12-01 2021-08-15","web",0
"140",2020-11-15,"8","Alison","world","2019-12-01 2021-08-15","web",0
"141",2020-11-22,"9","Alison","world","2019-12-01 2021-08-15","web",0
"142",2020-11-29,"8","Alison","world","2019-12-01 2021-08-15","web",0
"143",2020-12-06,"8","Alison","world","2019-12-01 2021-08-15","web",0
"144",2020-12-13,"8","Alison","world","2019-12-01 2021-08-15","web",0
"145",2020-12-20,"8","Alison","world","2019-12-01 2021-08-15","web",0
"146",2020-12-27,"8","Alison","world","2019-12-01 2021-08-15","web",0
"147",2021-01-03,"8","Alison","world","2019-12-01 2021-08-15","web",0
"148",2021-01-10,"9","Alison","world","2019-12-01 2021-08-15","web",0
"149",2021-01-17,"8","Alison","world","2019-12-01 2021-08-15","web",0
"150",2021-01-24,"8","Alison","world","2019-12-01 2021-08-15","web",0
"151",2021-01-31,"9","Alison","world","2019-12-01 2021-08-15","web",0
"152",2021-02-07,"9","Alison","world","2019-12-01 2021-08-15","web",0
"153",2021-02-14,"9","Alison","world","2019-12-01 2021-08-15","web",0
"154",2021-02-21,"8","Alison","world","2019-12-01 2021-08-15","web",0
"155",2021-02-28,"8","Alison","world","2019-12-01 2021-08-15","web",0
"156",2021-03-07,"8","Alison","world","2019-12-01 2021-08-15","web",0
"157",2021-03-14,"8","Alison","world","2019-12-01 2021-08-15","web",0
"158",2021-03-21,"8","Alison","world","2019-12-01 2021-08-15","web",0
"159",2021-03-28,"8","Alison","world","2019-12-01 2021-08-15","web",0
"160",2021-04-04,"8","Alison","world","2019-12-01 2021-08-15","web",0
"161",2021-04-11,"9","Alison","world","2019-12-01 2021-08-15","web",0
"162",2021-04-18,"8","Alison","world","2019-12-01 2021-08-15","web",0
"163",2021-04-25,"8","Alison","world","2019-12-01 2021-08-15","web",0
"164",2021-05-02,"8","Alison","world","2019-12-01 2021-08-15","web",0
"165",2021-05-09,"9","Alison","world","2019-12-01 2021-08-15","web",0
"166",2021-05-16,"9","Alison","world","2019-12-01 2021-08-15","web",0
"167",2021-05-23,"8","Alison","world","2019-12-01 2021-08-15","web",0
"168",2021-05-30,"8","Alison","world","2019-12-01 2021-08-15","web",0
"169",2021-06-06,"8","Alison","world","2019-12-01 2021-08-15","web",0
"170",2021-06-13,"8","Alison","world","2019-12-01 2021-08-15","web",0
"171",2021-06-20,"7","Alison","world","2019-12-01 2021-08-15","web",0
"172",2021-06-27,"8","Alison","world","2019-12-01 2021-08-15","web",0
"173",2021-07-04,"9","Alison","world","2019-12-01 2021-08-15","web",0
"174",2021-07-11,"7","Alison","world","2019-12-01 2021-08-15","web",0
"175",2021-07-18,"8","Alison","world","2019-12-01 2021-08-15","web",0
"176",2021-07-25,"9","Alison","world","2019-12-01 2021-08-15","web",0
"177",2021-08-01,"10","Alison","world","2019-12-01 2021-08-15","web",0
"178",2021-08-08,"8","Alison","world","2019-12-01 2021-08-15","web",0
"179",2019-12-01,"3","Coursera","world","2019-12-01 2021-08-15","web",0
"180",2019-12-08,"3","Coursera","world","2019-12-01 2021-08-15","web",0
"181",2019-12-15,"3","Coursera","world","2019-12-01 2021-08-15","web",0
"182",2019-12-22,"2","Coursera","world","2019-12-01 2021-08-15","web",0
"183",2019-12-29,"3","Coursera","world","2019-12-01 2021-08-15","web",0
"184",2020-01-05,"3","Coursera","world","2019-12-01 2021-08-15","web",0
"185",2020-01-12,"3","Coursera","world","2019-12-01 2021-08-15","web",0
"186",2020-01-19,"3","Coursera","world","2019-12-01 2021-08-15","web",0
"187",2020-01-26,"3","Coursera","world","2019-12-01 2021-08-15","web",0
"188",2020-02-02,"3","Coursera","world","2019-12-01 2021-08-15","web",0
"189",2020-02-09,"3","Coursera","world","2019-12-01 2021-08-15","web",0
"190",2020-02-16,"3","Coursera","world","2019-12-01 2021-08-15","web",0
"191",2020-02-23,"3","Coursera","world","2019-12-01 2021-08-15","web",0
"192",2020-03-01,"3","Coursera","world","2019-12-01 2021-08-15","web",0
"193",2020-03-08,"3","Coursera","world","2019-12-01 2021-08-15","web",0
"194",2020-03-15,"6","Coursera","world","2019-12-01 2021-08-15","web",0
"195",2020-03-22,"8","Coursera","world","2019-12-01 2021-08-15","web",0
"196",2020-03-29,"9","Coursera","world","2019-12-01 2021-08-15","web",0
"197",2020-04-05,"9","Coursera","world","2019-12-01 2021-08-15","web",0
"198",2020-04-12,"9","Coursera","world","2019-12-01 2021-08-15","web",0
"199",2020-04-19,"9","Coursera","world","2019-12-01 2021-08-15","web",0
"200",2020-04-26,"9","Coursera","world","2019-12-01 2021-08-15","web",0
"201",2020-05-03,"9","Coursera","world","2019-12-01 2021-08-15","web",0
"202",2020-05-10,"9","Coursera","world","2019-12-01 2021-08-15","web",0
"203",2020-05-17,"8","Coursera","world","2019-12-01 2021-08-15","web",0
"204",2020-05-24,"9","Coursera","world","2019-12-01 2021-08-15","web",0
"205",2020-05-31,"9","Coursera","world","2019-12-01 2021-08-15","web",0
"206",2020-06-07,"8","Coursera","world","2019-12-01 2021-08-15","web",0
"207",2020-06-14,"9","Coursera","world","2019-12-01 2021-08-15","web",0
"208",2020-06-21,"8","Coursera","world","2019-12-01 2021-08-15","web",0
"209",2020-06-28,"8","Coursera","world","2019-12-01 2021-08-15","web",0
"210",2020-07-05,"8","Coursera","world","2019-12-01 2021-08-15","web",0
"211",2020-07-12,"10","Coursera","world","2019-12-01 2021-08-15","web",0
"212",2020-07-19,"8","Coursera","world","2019-12-01 2021-08-15","web",0
"213",2020-07-26,"8","Coursera","world","2019-12-01 2021-08-15","web",0
"214",2020-08-02,"7","Coursera","world","2019-12-01 2021-08-15","web",0
"215",2020-08-09,"8","Coursera","world","2019-12-01 2021-08-15","web",0
"216",2020-08-16,"7","Coursera","world","2019-12-01 2021-08-15","web",0
"217",2020-08-23,"7","Coursera","world","2019-12-01 2021-08-15","web",0
"218",2020-08-30,"7","Coursera","world","2019-12-01 2021-08-15","web",0
"219",2020-09-06,"7","Coursera","world","2019-12-01 2021-08-15","web",0
"220",2020-09-13,"7","Coursera","world","2019-12-01 2021-08-15","web",0
"221",2020-09-20,"7","Coursera","world","2019-12-01 2021-08-15","web",0
"222",2020-09-27,"6","Coursera","world","2019-12-01 2021-08-15","web",0
"223",2020-10-04,"5","Coursera","world","2019-12-01 2021-08-15","web",0
"224",2020-10-11,"5","Coursera","world","2019-12-01 2021-08-15","web",0
"225",2020-10-18,"5","Coursera","world","2019-12-01 2021-08-15","web",0
"226",2020-10-25,"5","Coursera","world","2019-12-01 2021-08-15","web",0
"227",2020-11-01,"4","Coursera","world","2019-12-01 2021-08-15","web",0
"228",2020-11-08,"4","Coursera","world","2019-12-01 2021-08-15","web",0
"229",2020-11-15,"4","Coursera","world","2019-12-01 2021-08-15","web",0
"230",2020-11-22,"4","Coursera","world","2019-12-01 2021-08-15","web",0
"231",2020-11-29,"4","Coursera","world","2019-12-01 2021-08-15","web",0
"232",2020-12-06,"4","Coursera","world","2019-12-01 2021-08-15","web",0
"233",2020-12-13,"4","Coursera","world","2019-12-01 2021-08-15","web",0
"234",2020-12-20,"4","Coursera","world","2019-12-01 2021-08-15","web",0
"235",2020-12-27,"4","Coursera","world","2019-12-01 2021-08-15","web",0
"236",2021-01-03,"4","Coursera","world","2019-12-01 2021-08-15","web",0
"237",2021-01-10,"4","Coursera","world","2019-12-01 2021-08-15","web",0
"238",2021-01-17,"4","Coursera","world","2019-12-01 2021-08-15","web",0
"239",2021-01-24,"4","Coursera","world","2019-12-01 2021-08-15","web",0
"240",2021-01-31,"4","Coursera","world","2019-12-01 2021-08-15","web",0
"241",2021-02-07,"4","Coursera","world","2019-12-01 2021-08-15","web",0
"242",2021-02-14,"4","Coursera","world","2019-12-01 2021-08-15","web",0
"243",2021-02-21,"4","Coursera","world","2019-12-01 2021-08-15","web",0
"244",2021-02-28,"4","Coursera","world","2019-12-01 2021-08-15","web",0
"245",2021-03-07,"4","Coursera","world","2019-12-01 2021-08-15","web",0
"246",2021-03-14,"4","Coursera","world","2019-12-01 2021-08-15","web",0
"247",2021-03-21,"4","Coursera","world","2019-12-01 2021-08-15","web",0
"248",2021-03-28,"4","Coursera","world","2019-12-01 2021-08-15","web",0
"249",2021-04-04,"4","Coursera","world","2019-12-01 2021-08-15","web",0
"250",2021-04-11,"4","Coursera","world","2019-12-01 2021-08-15","web",0
"251",2021-04-18,"4","Coursera","world","2019-12-01 2021-08-15","web",0
"252",2021-04-25,"4","Coursera","world","2019-12-01 2021-08-15","web",0
"253",2021-05-02,"4","Coursera","world","2019-12-01 2021-08-15","web",0
"254",2021-05-09,"4","Coursera","world","2019-12-01 2021-08-15","web",0
"255",2021-05-16,"4","Coursera","world","2019-12-01 2021-08-15","web",0
"256",2021-05-23,"4","Coursera","world","2019-12-01 2021-08-15","web",0
"257",2021-05-30,"4","Coursera","world","2019-12-01 2021-08-15","web",0
"258",2021-06-06,"4","Coursera","world","2019-12-01 2021-08-15","web",0
"259",2021-06-13,"4","Coursera","world","2019-12-01 2021-08-15","web",0
"260",2021-06-20,"4","Coursera","world","2019-12-01 2021-08-15","web",0
"261",2021-06-27,"4","Coursera","world","2019-12-01 2021-08-15","web",0
"262",2021-07-04,"4","Coursera","world","2019-12-01 2021-08-15","web",0
"263",2021-07-11,"4","Coursera","world","2019-12-01 2021-08-15","web",0
"264",2021-07-18,"4","Coursera","world","2019-12-01 2021-08-15","web",0
"265",2021-07-25,"4","Coursera","world","2019-12-01 2021-08-15","web",0
"266",2021-08-01,"4","Coursera","world","2019-12-01 2021-08-15","web",0
"267",2021-08-08,"4","Coursera","world","2019-12-01 2021-08-15","web",0
"268",2019-12-01,"0","European Schoolnet Academy","world","2019-12-01 2021-08-15","web",0
"269",2019-12-08,"0","European Schoolnet Academy","world","2019-12-01 2021-08-15","web",0
"270",2019-12-15,"<1","European Schoolnet Academy","world","2019-12-01 2021-08-15","web",0
"271",2019-12-22,"0","European Schoolnet Academy","world","2019-12-01 2021-08-15","web",0
"272",2019-12-29,"0","European Schoolnet Academy","world","2019-12-01 2021-08-15","web",0
"273",2020-01-05,"0","European Schoolnet Academy","world","2019-12-01 2021-08-15","web",0
"274",2020-01-12,"0","European Schoolnet Academy","world","2019-12-01 2021-08-15","web",0
"275",2020-01-19,"0","European Schoolnet Academy","world","2019-12-01 2021-08-15","web",0
"276",2020-01-26,"<1","European Schoolnet Academy","world","2019-12-01 2021-08-15","web",0
"277",2020-02-02,"0","European Schoolnet Academy","world","2019-12-01 2021-08-15","web",0
"278",2020-02-09,"<1","European Schoolnet Academy","world","2019-12-01 2021-08-15","web",0
"279",2020-02-16,"0","European Schoolnet Academy","world","2019-12-01 2021-08-15","web",0
"280",2020-02-23,"<1","European Schoolnet Academy","world","2019-12-01 2021-08-15","web",0
"281",2020-03-01,"0","European Schoolnet Academy","world","2019-12-01 2021-08-15","web",0
"282",2020-03-08,"0","European Schoolnet Academy","world","2019-12-01 2021-08-15","web",0
"283",2020-03-15,"0","European Schoolnet Academy","world","2019-12-01 2021-08-15","web",0
"284",2020-03-22,"0","European Schoolnet Academy","world","2019-12-01 2021-08-15","web",0
"285",2020-03-29,"0","European Schoolnet Academy","world","2019-12-01 2021-08-15","web",0
"286",2020-04-05,"0","European Schoolnet Academy","world","2019-12-01 2021-08-15","web",0
"287",2020-04-12,"0","European Schoolnet Academy","world","2019-12-01 2021-08-15","web",0
"288",2020-04-19,"0","European Schoolnet Academy","world","2019-12-01 2021-08-15","web",0
"289",2020-04-26,"0","European Schoolnet Academy","world","2019-12-01 2021-08-15","web",0
"290",2020-05-03,"0","European Schoolnet Academy","world","2019-12-01 2021-08-15","web",0
"291",2020-05-10,"0","European Schoolnet Academy","world","2019-12-01 2021-08-15","web",0
"292",2020-05-17,"0","European Schoolnet Academy","world","2019-12-01 2021-08-15","web",0
"293",2020-05-24,"0","European Schoolnet Academy","world","2019-12-01 2021-08-15","web",0
"294",2020-05-31,"0","European Schoolnet Academy","world","2019-12-01 2021-08-15","web",0
"295",2020-06-07,"0","European Schoolnet Academy","world","2019-12-01 2021-08-15","web",0
"296",2020-06-14,"0","European Schoolnet Academy","world","2019-12-01 2021-08-15","web",0
"297",2020-06-21,"0","European Schoolnet Academy","world","2019-12-01 2021-08-15","web",0
"298",2020-06-28,"0","European Schoolnet Academy","world","2019-12-01 2021-08-15","web",0
"299",2020-07-05,"0","European Schoolnet Academy","world","2019-12-01 2021-08-15","web",0
"300",2020-07-12,"0","European Schoolnet Academy","world","2019-12-01 2021-08-15","web",0
"301",2020-07-19,"<1","European Schoolnet Academy","world","2019-12-01 2021-08-15","web",0
"302",2020-07-26,"0","European Schoolnet Academy","world","2019-12-01 2021-08-15","web",0
"303",2020-08-02,"0","European Schoolnet Academy","world","2019-12-01 2021-08-15","web",0
"304",2020-08-09,"0","European Schoolnet Academy","world","2019-12-01 2021-08-15","web",0
"305",2020-08-16,"0","European Schoolnet Academy","world","2019-12-01 2021-08-15","web",0
"306",2020-08-23,"<1","European Schoolnet Academy","world","2019-12-01 2021-08-15","web",0
"307",2020-08-30,"<1","European Schoolnet Academy","world","2019-12-01 2021-08-15","web",0
"308",2020-09-06,"<1","European Schoolnet Academy","world","2019-12-01 2021-08-15","web",0
"309",2020-09-13,"<1","European Schoolnet Academy","world","2019-12-01 2021-08-15","web",0
"310",2020-09-20,"0","European Schoolnet Academy","world","2019-12-01 2021-08-15","web",0
"311",2020-09-27,"<1","European Schoolnet Academy","world","2019-12-01 2021-08-15","web",0
"312",2020-10-04,"0","European Schoolnet Academy","world","2019-12-01 2021-08-15","web",0
"313",2020-10-11,"0","European Schoolnet Academy","world","2019-12-01 2021-08-15","web",0
"314",2020-10-18,"0","European Schoolnet Academy","world","2019-12-01 2021-08-15","web",0
"315",2020-10-25,"0","European Schoolnet Academy","world","2019-12-01 2021-08-15","web",0
"316",2020-11-01,"<1","European Schoolnet Academy","world","2019-12-01 2021-08-15","web",0
"317",2020-11-08,"0","European Schoolnet Academy","world","2019-12-01 2021-08-15","web",0
"318",2020-11-15,"<1","European Schoolnet Academy","world","2019-12-01 2021-08-15","web",0
"319",2020-11-22,"0","European Schoolnet Academy","world","2019-12-01 2021-08-15","web",0
"320",2020-11-29,"0","European Schoolnet Academy","world","2019-12-01 2021-08-15","web",0
"321",2020-12-06,"0","European Schoolnet Academy","world","2019-12-01 2021-08-15","web",0
"322",2020-12-13,"<1","European Schoolnet Academy","world","2019-12-01 2021-08-15","web",0
"323",2020-12-20,"0","European Schoolnet Academy","world","2019-12-01 2021-08-15","web",0
"324",2020-12-27,"0","European Schoolnet Academy","world","2019-12-01 2021-08-15","web",0
"325",2021-01-03,"0","European Schoolnet Academy","world","2019-12-01 2021-08-15","web",0
"326",2021-01-10,"<1","European Schoolnet Academy","world","2019-12-01 2021-08-15","web",0
"327",2021-01-17,"0","European Schoolnet Academy","world","2019-12-01 2021-08-15","web",0
"328",2021-01-24,"<1","European Schoolnet Academy","world","2019-12-01 2021-08-15","web",0
"329",2021-01-31,"0","European Schoolnet Academy","world","2019-12-01 2021-08-15","web",0
"330",2021-02-07,"0","European Schoolnet Academy","world","2019-12-01 2021-08-15","web",0
"331",2021-02-14,"0","European Schoolnet Academy","world","2019-12-01 2021-08-15","web",0
"332",2021-02-21,"0","European Schoolnet Academy","world","2019-12-01 2021-08-15","web",0
"333",2021-02-28,"0","European Schoolnet Academy","world","2019-12-01 2021-08-15","web",0
"334",2021-03-07,"0","European Schoolnet Academy","world","2019-12-01 2021-08-15","web",0
"335",2021-03-14,"0","European Schoolnet Academy","world","2019-12-01 2021-08-15","web",0
"336",2021-03-21,"<1","European Schoolnet Academy","world","2019-12-01 2021-08-15","web",0
"337",2021-03-28,"0","European Schoolnet Academy","world","2019-12-01 2021-08-15","web",0
"338",2021-04-04,"<1","European Schoolnet Academy","world","2019-12-01 2021-08-15","web",0
"339",2021-04-11,"<1","European Schoolnet Academy","world","2019-12-01 2021-08-15","web",0
"340",2021-04-18,"<1","European Schoolnet Academy","world","2019-12-01 2021-08-15","web",0
"341",2021-04-25,"0","European Schoolnet Academy","world","2019-12-01 2021-08-15","web",0
"342",2021-05-02,"<1","European Schoolnet Academy","world","2019-12-01 2021-08-15","web",0
"343",2021-05-09,"0","European Schoolnet Academy","world","2019-12-01 2021-08-15","web",0
"344",2021-05-16,"0","European Schoolnet Academy","world","2019-12-01 2021-08-15","web",0
"345",2021-05-23,"0","European Schoolnet Academy","world","2019-12-01 2021-08-15","web",0
"346",2021-05-30,"<1","European Schoolnet Academy","world","2019-12-01 2021-08-15","web",0
"347",2021-06-06,"0","European Schoolnet Academy","world","2019-12-01 2021-08-15","web",0
"348",2021-06-13,"<1","European Schoolnet Academy","world","2019-12-01 2021-08-15","web",0
"349",2021-06-20,"0","European Schoolnet Academy","world","2019-12-01 2021-08-15","web",0
"350",2021-06-27,"0","European Schoolnet Academy","world","2019-12-01 2021-08-15","web",0
"351",2021-07-04,"0","European Schoolnet Academy","world","2019-12-01 2021-08-15","web",0
"352",2021-07-11,"0","European Schoolnet Academy","world","2019-12-01 2021-08-15","web",0
"353",2021-07-18,"0","European Schoolnet Academy","world","2019-12-01 2021-08-15","web",0
"354",2021-07-25,"0","European Schoolnet Academy","world","2019-12-01 2021-08-15","web",0
"355",2021-08-01,"0","European Schoolnet Academy","world","2019-12-01 2021-08-15","web",0
"356",2021-08-08,"0","European Schoolnet Academy","world","2019-12-01 2021-08-15","web",0
"357",2019-12-01,"1","EdX","world","2019-12-01 2021-08-15","web",0
"358",2019-12-08,"1","EdX","world","2019-12-01 2021-08-15","web",0
"359",2019-12-15,"2","EdX","world","2019-12-01 2021-08-15","web",0
"360",2019-12-22,"1","EdX","world","2019-12-01 2021-08-15","web",0
"361",2019-12-29,"1","EdX","world","2019-12-01 2021-08-15","web",0
"362",2020-01-05,"2","EdX","world","2019-12-01 2021-08-15","web",0
"363",2020-01-12,"2","EdX","world","2019-12-01 2021-08-15","web",0
"364",2020-01-19,"2","EdX","world","2019-12-01 2021-08-15","web",0
"365",2020-01-26,"2","EdX","world","2019-12-01 2021-08-15","web",0
"366",2020-02-02,"2","EdX","world","2019-12-01 2021-08-15","web",0
"367",2020-02-09,"2","EdX","world","2019-12-01 2021-08-15","web",0
"368",2020-02-16,"2","EdX","world","2019-12-01 2021-08-15","web",0
"369",2020-02-23,"2","EdX","world","2019-12-01 2021-08-15","web",0
"370",2020-03-01,"2","EdX","world","2019-12-01 2021-08-15","web",0
"371",2020-03-08,"2","EdX","world","2019-12-01 2021-08-15","web",0
"372",2020-03-15,"2","EdX","world","2019-12-01 2021-08-15","web",0
"373",2020-03-22,"3","EdX","world","2019-12-01 2021-08-15","web",0
"374",2020-03-29,"3","EdX","world","2019-12-01 2021-08-15","web",0
"375",2020-04-05,"3","EdX","world","2019-12-01 2021-08-15","web",0
"376",2020-04-12,"4","EdX","world","2019-12-01 2021-08-15","web",0
"377",2020-04-19,"4","EdX","world","2019-12-01 2021-08-15","web",0
"378",2020-04-26,"3","EdX","world","2019-12-01 2021-08-15","web",0
"379",2020-05-03,"3","EdX","world","2019-12-01 2021-08-15","web",0
"380",2020-05-10,"3","EdX","world","2019-12-01 2021-08-15","web",0
"381",2020-05-17,"3","EdX","world","2019-12-01 2021-08-15","web",0
"382",2020-05-24,"3","EdX","world","2019-12-01 2021-08-15","web",0
"383",2020-05-31,"2","EdX","world","2019-12-01 2021-08-15","web",0
"384",2020-06-07,"2","EdX","world","2019-12-01 2021-08-15","web",0
"385",2020-06-14,"2","EdX","world","2019-12-01 2021-08-15","web",0
"386",2020-06-21,"3","EdX","world","2019-12-01 2021-08-15","web",0
"387",2020-06-28,"3","EdX","world","2019-12-01 2021-08-15","web",0
"388",2020-07-05,"2","EdX","world","2019-12-01 2021-08-15","web",0
"389",2020-07-12,"2","EdX","world","2019-12-01 2021-08-15","web",0
"390",2020-07-19,"2","EdX","world","2019-12-01 2021-08-15","web",0
"391",2020-07-26,"2","EdX","world","2019-12-01 2021-08-15","web",0
"392",2020-08-02,"2","EdX","world","2019-12-01 2021-08-15","web",0
"393",2020-08-09,"2","EdX","world","2019-12-01 2021-08-15","web",0
"394",2020-08-16,"2","EdX","world","2019-12-01 2021-08-15","web",0
"395",2020-08-23,"2","EdX","world","2019-12-01 2021-08-15","web",0
"396",2020-08-30,"2","EdX","world","2019-12-01 2021-08-15","web",0
"397",2020-09-06,"2","EdX","world","2019-12-01 2021-08-15","web",0
"398",2020-09-13,"2","EdX","world","2019-12-01 2021-08-15","web",0
"399",2020-09-20,"2","EdX","world","2019-12-01 2021-08-15","web",0
"400",2020-09-27,"1","EdX","world","2019-12-01 2021-08-15","web",0
"401",2020-10-04,"1","EdX","world","2019-12-01 2021-08-15","web",0
"402",2020-10-11,"1","EdX","world","2019-12-01 2021-08-15","web",0
"403",2020-10-18,"1","EdX","world","2019-12-01 2021-08-15","web",0
"404",2020-10-25,"1","EdX","world","2019-12-01 2021-08-15","web",0
"405",2020-11-01,"1","EdX","world","2019-12-01 2021-08-15","web",0
"406",2020-11-08,"1","EdX","world","2019-12-01 2021-08-15","web",0
"407",2020-11-15,"1","EdX","world","2019-12-01 2021-08-15","web",0
"408",2020-11-22,"1","EdX","world","2019-12-01 2021-08-15","web",0
"409",2020-11-29,"1","EdX","world","2019-12-01 2021-08-15","web",0
"410",2020-12-06,"1","EdX","world","2019-12-01 2021-08-15","web",0
"411",2020-12-13,"1","EdX","world","2019-12-01 2021-08-15","web",0
"412",2020-12-20,"1","EdX","world","2019-12-01 2021-08-15","web",0
"413",2020-12-27,"1","EdX","world","2019-12-01 2021-08-15","web",0
"414",2021-01-03,"2","EdX","world","2019-12-01 2021-08-15","web",0
"415",2021-01-10,"1","EdX","world","2019-12-01 2021-08-15","web",0
"416",2021-01-17,"1","EdX","world","2019-12-01 2021-08-15","web",0
"417",2021-01-24,"1","EdX","world","2019-12-01 2021-08-15","web",0
"418",2021-01-31,"1","EdX","world","2019-12-01 2021-08-15","web",0
"419",2021-02-07,"1","EdX","world","2019-12-01 2021-08-15","web",0
"420",2021-02-14,"2","EdX","world","2019-12-01 2021-08-15","web",0
"421",2021-02-21,"1","EdX","world","2019-12-01 2021-08-15","web",0
"422",2021-02-28,"1","EdX","world","2019-12-01 2021-08-15","web",0
"423",2021-03-07,"1","EdX","world","2019-12-01 2021-08-15","web",0
"424",2021-03-14,"1","EdX","world","2019-12-01 2021-08-15","web",0
"425",2021-03-21,"1","EdX","world","2019-12-01 2021-08-15","web",0
"426",2021-03-28,"1","EdX","world","2019-12-01 2021-08-15","web",0
"427",2021-04-04,"1","EdX","world","2019-12-01 2021-08-15","web",0
"428",2021-04-11,"1","EdX","world","2019-12-01 2021-08-15","web",0
"429",2021-04-18,"1","EdX","world","2019-12-01 2021-08-15","web",0
"430",2021-04-25,"1","EdX","world","2019-12-01 2021-08-15","web",0
"431",2021-05-02,"1","EdX","world","2019-12-01 2021-08-15","web",0
"432",2021-05-09,"1","EdX","world","2019-12-01 2021-08-15","web",0
"433",2021-05-16,"2","EdX","world","2019-12-01 2021-08-15","web",0
"434",2021-05-23,"2","EdX","world","2019-12-01 2021-08-15","web",0
"435",2021-05-30,"1","EdX","world","2019-12-01 2021-08-15","web",0
"436",2021-06-06,"1","EdX","world","2019-12-01 2021-08-15","web",0
"437",2021-06-13,"1","EdX","world","2019-12-01 2021-08-15","web",0
"438",2021-06-20,"1","EdX","world","2019-12-01 2021-08-15","web",0
"439",2021-06-27,"1","EdX","world","2019-12-01 2021-08-15","web",0
"440",2021-07-04,"1","EdX","world","2019-12-01 2021-08-15","web",0
"441",2021-07-11,"1","EdX","world","2019-12-01 2021-08-15","web",0
"442",2021-07-18,"1","EdX","world","2019-12-01 2021-08-15","web",0
"443",2021-07-25,"1","EdX","world","2019-12-01 2021-08-15","web",0
"444",2021-08-01,"1","EdX","world","2019-12-01 2021-08-15","web",0
"445",2021-08-08,"1","EdX","world","2019-12-01 2021-08-15","web",0
"446",2019-12-01,"<1","iCourse","world","2019-12-01 2021-08-15","web",0
"447",2019-12-08,"<1","iCourse","world","2019-12-01 2021-08-15","web",0
"448",2019-12-15,"<1","iCourse","world","2019-12-01 2021-08-15","web",0
"449",2019-12-22,"<1","iCourse","world","2019-12-01 2021-08-15","web",0
"450",2019-12-29,"<1","iCourse","world","2019-12-01 2021-08-15","web",0
"451",2020-01-05,"<1","iCourse","world","2019-12-01 2021-08-15","web",0
"452",2020-01-12,"<1","iCourse","world","2019-12-01 2021-08-15","web",0
"453",2020-01-19,"0","iCourse","world","2019-12-01 2021-08-15","web",0
"454",2020-01-26,"0","iCourse","world","2019-12-01 2021-08-15","web",0
"455",2020-02-02,"<1","iCourse","world","2019-12-01 2021-08-15","web",0
"456",2020-02-09,"<1","iCourse","world","2019-12-01 2021-08-15","web",0
"457",2020-02-16,"0","iCourse","world","2019-12-01 2021-08-15","web",0
"458",2020-02-23,"0","iCourse","world","2019-12-01 2021-08-15","web",0
"459",2020-03-01,"<1","iCourse","world","2019-12-01 2021-08-15","web",0
"460",2020-03-08,"<1","iCourse","world","2019-12-01 2021-08-15","web",0
"461",2020-03-15,"<1","iCourse","world","2019-12-01 2021-08-15","web",0
"462",2020-03-22,"<1","iCourse","world","2019-12-01 2021-08-15","web",0
"463",2020-03-29,"<1","iCourse","world","2019-12-01 2021-08-15","web",0
"464",2020-04-05,"<1","iCourse","world","2019-12-01 2021-08-15","web",0
"465",2020-04-12,"<1","iCourse","world","2019-12-01 2021-08-15","web",0
"466",2020-04-19,"<1","iCourse","world","2019-12-01 2021-08-15","web",0
"467",2020-04-26,"<1","iCourse","world","2019-12-01 2021-08-15","web",0
"468",2020-05-03,"<1","iCourse","world","2019-12-01 2021-08-15","web",0
"469",2020-05-10,"<1","iCourse","world","2019-12-01 2021-08-15","web",0
"470",2020-05-17,"<1","iCourse","world","2019-12-01 2021-08-15","web",0
"471",2020-05-24,"0","iCourse","world","2019-12-01 2021-08-15","web",0
"472",2020-05-31,"<1","iCourse","world","2019-12-01 2021-08-15","web",0
"473",2020-06-07,"<1","iCourse","world","2019-12-01 2021-08-15","web",0
"474",2020-06-14,"<1","iCourse","world","2019-12-01 2021-08-15","web",0
"475",2020-06-21,"<1","iCourse","world","2019-12-01 2021-08-15","web",0
"476",2020-06-28,"0","iCourse","world","2019-12-01 2021-08-15","web",0
"477",2020-07-05,"0","iCourse","world","2019-12-01 2021-08-15","web",0
"478",2020-07-12,"0","iCourse","world","2019-12-01 2021-08-15","web",0
"479",2020-07-19,"0","iCourse","world","2019-12-01 2021-08-15","web",0
"480",2020-07-26,"<1","iCourse","world","2019-12-01 2021-08-15","web",0
"481",2020-08-02,"<1","iCourse","world","2019-12-01 2021-08-15","web",0
"482",2020-08-09,"0","iCourse","world","2019-12-01 2021-08-15","web",0
"483",2020-08-16,"<1","iCourse","world","2019-12-01 2021-08-15","web",0
"484",2020-08-23,"<1","iCourse","world","2019-12-01 2021-08-15","web",0
"485",2020-08-30,"<1","iCourse","world","2019-12-01 2021-08-15","web",0
"486",2020-09-06,"<1","iCourse","world","2019-12-01 2021-08-15","web",0
"487",2020-09-13,"<1","iCourse","world","2019-12-01 2021-08-15","web",0
"488",2020-09-20,"<1","iCourse","world","2019-12-01 2021-08-15","web",0
"489",2020-09-27,"<1","iCourse","world","2019-12-01 2021-08-15","web",0
"490",2020-10-04,"0","iCourse","world","2019-12-01 2021-08-15","web",0
"491",2020-10-11,"<1","iCourse","world","2019-12-01 2021-08-15","web",0
"492",2020-10-18,"<1","iCourse","world","2019-12-01 2021-08-15","web",0
"493",2020-10-25,"<1","iCourse","world","2019-12-01 2021-08-15","web",0
"494",2020-11-01,"<1","iCourse","world","2019-12-01 2021-08-15","web",0
"495",2020-11-08,"<1","iCourse","world","2019-12-01 2021-08-15","web",0
"496",2020-11-15,"<1","iCourse","world","2019-12-01 2021-08-15","web",0
"497",2020-11-22,"<1","iCourse","world","2019-12-01 2021-08-15","web",0
"498",2020-11-29,"<1","iCourse","world","2019-12-01 2021-08-15","web",0
"499",2020-12-06,"<1","iCourse","world","2019-12-01 2021-08-15","web",0
"500",2020-12-13,"<1","iCourse","world","2019-12-01 2021-08-15","web",0
"501",2020-12-20,"<1","iCourse","world","2019-12-01 2021-08-15","web",0
"502",2020-12-27,"<1","iCourse","world","2019-12-01 2021-08-15","web",0
"503",2021-01-03,"<1","iCourse","world","2019-12-01 2021-08-15","web",0
"504",2021-01-10,"0","iCourse","world","2019-12-01 2021-08-15","web",0
"505",2021-01-17,"<1","iCourse","world","2019-12-01 2021-08-15","web",0
"506",2021-01-24,"<1","iCourse","world","2019-12-01 2021-08-15","web",0
"507",2021-01-31,"<1","iCourse","world","2019-12-01 2021-08-15","web",0
"508",2021-02-07,"0","iCourse","world","2019-12-01 2021-08-15","web",0
"509",2021-02-14,"<1","iCourse","world","2019-12-01 2021-08-15","web",0
"510",2021-02-21,"<1","iCourse","world","2019-12-01 2021-08-15","web",0
"511",2021-02-28,"<1","iCourse","world","2019-12-01 2021-08-15","web",0
"512",2021-03-07,"<1","iCourse","world","2019-12-01 2021-08-15","web",0
"513",2021-03-14,"<1","iCourse","world","2019-12-01 2021-08-15","web",0
"514",2021-03-21,"<1","iCourse","world","2019-12-01 2021-08-15","web",0
"515",2021-03-28,"0","iCourse","world","2019-12-01 2021-08-15","web",0
"516",2021-04-04,"<1","iCourse","world","2019-12-01 2021-08-15","web",0
"517",2021-04-11,"<1","iCourse","world","2019-12-01 2021-08-15","web",0
"518",2021-04-18,"<1","iCourse","world","2019-12-01 2021-08-15","web",0
"519",2021-04-25,"<1","iCourse","world","2019-12-01 2021-08-15","web",0
"520",2021-05-02,"<1","iCourse","world","2019-12-01 2021-08-15","web",0
"521",2021-05-09,"<1","iCourse","world","2019-12-01 2021-08-15","web",0
"522",2021-05-16,"<1","iCourse","world","2019-12-01 2021-08-15","web",0
"523",2021-05-23,"<1","iCourse","world","2019-12-01 2021-08-15","web",0
"524",2021-05-30,"<1","iCourse","world","2019-12-01 2021-08-15","web",0
"525",2021-06-06,"<1","iCourse","world","2019-12-01 2021-08-15","web",0
"526",2021-06-13,"<1","iCourse","world","2019-12-01 2021-08-15","web",0
"527",2021-06-20,"<1","iCourse","world","2019-12-01 2021-08-15","web",0
"528",2021-06-27,"0","iCourse","world","2019-12-01 2021-08-15","web",0
"529",2021-07-04,"<1","iCourse","world","2019-12-01 2021-08-15","web",0
"530",2021-07-11,"0","iCourse","world","2019-12-01 2021-08-15","web",0
"531",2021-07-18,"0","iCourse","world","2019-12-01 2021-08-15","web",0
"532",2021-07-25,"0","iCourse","world","2019-12-01 2021-08-15","web",0
"533",2021-08-01,"0","iCourse","world","2019-12-01 2021-08-15","web",0
"534",2021-08-08,"0","iCourse","world","2019-12-01 2021-08-15","web",0
"535",2019-12-01,"<1","Future Learn","world","2019-12-01 2021-08-15","web",0
"536",2019-12-08,"<1","Future Learn","world","2019-12-01 2021-08-15","web",0
"537",2019-12-15,"<1","Future Learn","world","2019-12-01 2021-08-15","web",0
"538",2019-12-22,"<1","Future Learn","world","2019-12-01 2021-08-15","web",0
"539",2019-12-29,"<1","Future Learn","world","2019-12-01 2021-08-15","web",0
"540",2020-01-05,"<1","Future Learn","world","2019-12-01 2021-08-15","web",0
"541",2020-01-12,"<1","Future Learn","world","2019-12-01 2021-08-15","web",0
"542",2020-01-19,"<1","Future Learn","world","2019-12-01 2021-08-15","web",0
"543",2020-01-26,"<1","Future Learn","world","2019-12-01 2021-08-15","web",0
"544",2020-02-02,"<1","Future Learn","world","2019-12-01 2021-08-15","web",0
"545",2020-02-09,"<1","Future Learn","world","2019-12-01 2021-08-15","web",0
"546",2020-02-16,"<1","Future Learn","world","2019-12-01 2021-08-15","web",0
"547",2020-02-23,"<1","Future Learn","world","2019-12-01 2021-08-15","web",0
"548",2020-03-01,"<1","Future Learn","world","2019-12-01 2021-08-15","web",0
"549",2020-03-08,"<1","Future Learn","world","2019-12-01 2021-08-15","web",0
"550",2020-03-15,"<1","Future Learn","world","2019-12-01 2021-08-15","web",0
"551",2020-03-22,"1","Future Learn","world","2019-12-01 2021-08-15","web",0
"552",2020-03-29,"1","Future Learn","world","2019-12-01 2021-08-15","web",0
"553",2020-04-05,"1","Future Learn","world","2019-12-01 2021-08-15","web",0
"554",2020-04-12,"1","Future Learn","world","2019-12-01 2021-08-15","web",0
"555",2020-04-19,"1","Future Learn","world","2019-12-01 2021-08-15","web",0
"556",2020-04-26,"1","Future Learn","world","2019-12-01 2021-08-15","web",0
"557",2020-05-03,"1","Future Learn","world","2019-12-01 2021-08-15","web",0
"558",2020-05-10,"1","Future Learn","world","2019-12-01 2021-08-15","web",0
"559",2020-05-17,"1","Future Learn","world","2019-12-01 2021-08-15","web",0
"560",2020-05-24,"<1","Future Learn","world","2019-12-01 2021-08-15","web",0
"561",2020-05-31,"<1","Future Learn","world","2019-12-01 2021-08-15","web",0
"562",2020-06-07,"1","Future Learn","world","2019-12-01 2021-08-15","web",0
"563",2020-06-14,"1","Future Learn","world","2019-12-01 2021-08-15","web",0
"564",2020-06-21,"1","Future Learn","world","2019-12-01 2021-08-15","web",0
"565",2020-06-28,"1","Future Learn","world","2019-12-01 2021-08-15","web",0
"566",2020-07-05,"1","Future Learn","world","2019-12-01 2021-08-15","web",0
"567",2020-07-12,"<1","Future Learn","world","2019-12-01 2021-08-15","web",0
"568",2020-07-19,"<1","Future Learn","world","2019-12-01 2021-08-15","web",0
"569",2020-07-26,"<1","Future Learn","world","2019-12-01 2021-08-15","web",0
"570",2020-08-02,"<1","Future Learn","world","2019-12-01 2021-08-15","web",0
"571",2020-08-09,"<1","Future Learn","world","2019-12-01 2021-08-15","web",0
"572",2020-08-16,"<1","Future Learn","world","2019-12-01 2021-08-15","web",0
"573",2020-08-23,"<1","Future Learn","world","2019-12-01 2021-08-15","web",0
"574",2020-08-30,"<1","Future Learn","world","2019-12-01 2021-08-15","web",0
"575",2020-09-06,"<1","Future Learn","world","2019-12-01 2021-08-15","web",0
"576",2020-09-13,"<1","Future Learn","world","2019-12-01 2021-08-15","web",0
"577",2020-09-20,"<1","Future Learn","world","2019-12-01 2021-08-15","web",0
"578",2020-09-27,"<1","Future Learn","world","2019-12-01 2021-08-15","web",0
"579",2020-10-04,"<1","Future Learn","world","2019-12-01 2021-08-15","web",0
"580",2020-10-11,"<1","Future Learn","world","2019-12-01 2021-08-15","web",0
"581",2020-10-18,"<1","Future Learn","world","2019-12-01 2021-08-15","web",0
"582",2020-10-25,"<1","Future Learn","world","2019-12-01 2021-08-15","web",0
"583",2020-11-01,"<1","Future Learn","world","2019-12-01 2021-08-15","web",0
"584",2020-11-08,"<1","Future Learn","world","2019-12-01 2021-08-15","web",0
"585",2020-11-15,"<1","Future Learn","world","2019-12-01 2021-08-15","web",0
"586",2020-11-22,"<1","Future Learn","world","2019-12-01 2021-08-15","web",0
"587",2020-11-29,"<1","Future Learn","world","2019-12-01 2021-08-15","web",0
"588",2020-12-06,"<1","Future Learn","world","2019-12-01 2021-08-15","web",0
"589",2020-12-13,"<1","Future Learn","world","2019-12-01 2021-08-15","web",0
"590",2020-12-20,"<1","Future Learn","world","2019-12-01 2021-08-15","web",0
"591",2020-12-27,"<1","Future Learn","world","2019-12-01 2021-08-15","web",0
"592",2021-01-03,"<1","Future Learn","world","2019-12-01 2021-08-15","web",0
"593",2021-01-10,"<1","Future Learn","world","2019-12-01 2021-08-15","web",0
"594",2021-01-17,"<1","Future Learn","world","2019-12-01 2021-08-15","web",0
"595",2021-01-24,"<1","Future Learn","world","2019-12-01 2021-08-15","web",0
"596",2021-01-31,"<1","Future Learn","world","2019-12-01 2021-08-15","web",0
"597",2021-02-07,"<1","Future Learn","world","2019-12-01 2021-08-15","web",0
"598",2021-02-14,"<1","Future Learn","world","2019-12-01 2021-08-15","web",0
"599",2021-02-21,"<1","Future Learn","world","2019-12-01 2021-08-15","web",0
"600",2021-02-28,"<1","Future Learn","world","2019-12-01 2021-08-15","web",0
"601",2021-03-07,"<1","Future Learn","world","2019-12-01 2021-08-15","web",0
"602",2021-03-14,"<1","Future Learn","world","2019-12-01 2021-08-15","web",0
"603",2021-03-21,"<1","Future Learn","world","2019-12-01 2021-08-15","web",0
"604",2021-03-28,"<1","Future Learn","world","2019-12-01 2021-08-15","web",0
"605",2021-04-04,"<1","Future Learn","world","2019-12-01 2021-08-15","web",0
"606",2021-04-11,"<1","Future Learn","world","2019-12-01 2021-08-15","web",0
"607",2021-04-18,"<1","Future Learn","world","2019-12-01 2021-08-15","web",0
"608",2021-04-25,"<1","Future Learn","world","2019-12-01 2021-08-15","web",0
"609",2021-05-02,"<1","Future Learn","world","2019-12-01 2021-08-15","web",0
"610",2021-05-09,"<1","Future Learn","world","2019-12-01 2021-08-15","web",0
"611",2021-05-16,"<1","Future Learn","world","2019-12-01 2021-08-15","web",0
"612",2021-05-23,"<1","Future Learn","world","2019-12-01 2021-08-15","web",0
"613",2021-05-30,"<1","Future Learn","world","2019-12-01 2021-08-15","web",0
"614",2021-06-06,"<1","Future Learn","world","2019-12-01 2021-08-15","web",0
"615",2021-06-13,"<1","Future Learn","world","2019-12-01 2021-08-15","web",0
"616",2021-06-20,"<1","Future Learn","world","2019-12-01 2021-08-15","web",0
"617",2021-06-27,"<1","Future Learn","world","2019-12-01 2021-08-15","web",0
"618",2021-07-04,"<1","Future Learn","world","2019-12-01 2021-08-15","web",0
"619",2021-07-11,"<1","Future Learn","world","2019-12-01 2021-08-15","web",0
"620",2021-07-18,"<1","Future Learn","world","2019-12-01 2021-08-15","web",0
"621",2021-07-25,"<1","Future Learn","world","2019-12-01 2021-08-15","web",0
"622",2021-08-01,"<1","Future Learn","world","2019-12-01 2021-08-15","web",0
"623",2021-08-08,"<1","Future Learn","world","2019-12-01 2021-08-15","web",0
"624",2019-12-01,"0","Icourses","world","2019-12-01 2021-08-15","web",0
"625",2019-12-08,"0","Icourses","world","2019-12-01 2021-08-15","web",0
"626",2019-12-15,"0","Icourses","world","2019-12-01 2021-08-15","web",0
"627",2019-12-22,"0","Icourses","world","2019-12-01 2021-08-15","web",0
"628",2019-12-29,"0","Icourses","world","2019-12-01 2021-08-15","web",0
"629",2020-01-05,"<1","Icourses","world","2019-12-01 2021-08-15","web",0
"630",2020-01-12,"0","Icourses","world","2019-12-01 2021-08-15","web",0
"631",2020-01-19,"0","Icourses","world","2019-12-01 2021-08-15","web",0
"632",2020-01-26,"0","Icourses","world","2019-12-01 2021-08-15","web",0
"633",2020-02-02,"0","Icourses","world","2019-12-01 2021-08-15","web",0
"634",2020-02-09,"0","Icourses","world","2019-12-01 2021-08-15","web",0
"635",2020-02-16,"0","Icourses","world","2019-12-01 2021-08-15","web",0
"636",2020-02-23,"0","Icourses","world","2019-12-01 2021-08-15","web",0
"637",2020-03-01,"0","Icourses","world","2019-12-01 2021-08-15","web",0
"638",2020-03-08,"<1","Icourses","world","2019-12-01 2021-08-15","web",0
"639",2020-03-15,"0","Icourses","world","2019-12-01 2021-08-15","web",0
"640",2020-03-22,"0","Icourses","world","2019-12-01 2021-08-15","web",0
"641",2020-03-29,"0","Icourses","world","2019-12-01 2021-08-15","web",0
"642",2020-04-05,"0","Icourses","world","2019-12-01 2021-08-15","web",0
"643",2020-04-12,"0","Icourses","world","2019-12-01 2021-08-15","web",0
"644",2020-04-19,"0","Icourses","world","2019-12-01 2021-08-15","web",0
"645",2020-04-26,"0","Icourses","world","2019-12-01 2021-08-15","web",0
"646",2020-05-03,"0","Icourses","world","2019-12-01 2021-08-15","web",0
"647",2020-05-10,"0","Icourses","world","2019-12-01 2021-08-15","web",0
"648",2020-05-17,"0","Icourses","world","2019-12-01 2021-08-15","web",0
"649",2020-05-24,"0","Icourses","world","2019-12-01 2021-08-15","web",0
"650",2020-05-31,"0","Icourses","world","2019-12-01 2021-08-15","web",0
"651",2020-06-07,"0","Icourses","world","2019-12-01 2021-08-15","web",0
"652",2020-06-14,"0","Icourses","world","2019-12-01 2021-08-15","web",0
"653",2020-06-21,"0","Icourses","world","2019-12-01 2021-08-15","web",0
"654",2020-06-28,"0","Icourses","world","2019-12-01 2021-08-15","web",0
"655",2020-07-05,"0","Icourses","world","2019-12-01 2021-08-15","web",0
"656",2020-07-12,"<1","Icourses","world","2019-12-01 2021-08-15","web",0
"657",2020-07-19,"0","Icourses","world","2019-12-01 2021-08-15","web",0
"658",2020-07-26,"0","Icourses","world","2019-12-01 2021-08-15","web",0
"659",2020-08-02,"0","Icourses","world","2019-12-01 2021-08-15","web",0
"660",2020-08-09,"0","Icourses","world","2019-12-01 2021-08-15","web",0
"661",2020-08-16,"<1","Icourses","world","2019-12-01 2021-08-15","web",0
"662",2020-08-23,"0","Icourses","world","2019-12-01 2021-08-15","web",0
"663",2020-08-30,"0","Icourses","world","2019-12-01 2021-08-15","web",0
"664",2020-09-06,"0","Icourses","world","2019-12-01 2021-08-15","web",0
"665",2020-09-13,"0","Icourses","world","2019-12-01 2021-08-15","web",0
"666",2020-09-20,"0","Icourses","world","2019-12-01 2021-08-15","web",0
"667",2020-09-27,"0","Icourses","world","2019-12-01 2021-08-15","web",0
"668",2020-10-04,"0","Icourses","world","2019-12-01 2021-08-15","web",0
"669",2020-10-11,"0","Icourses","world","2019-12-01 2021-08-15","web",0
"670",2020-10-18,"0","Icourses","world","2019-12-01 2021-08-15","web",0
"671",2020-10-25,"0","Icourses","world","2019-12-01 2021-08-15","web",0
"672",2020-11-01,"0","Icourses","world","2019-12-01 2021-08-15","web",0
"673",2020-11-08,"0","Icourses","world","2019-12-01 2021-08-15","web",0
"674",2020-11-15,"0","Icourses","world","2019-12-01 2021-08-15","web",0
"675",2020-11-22,"0","Icourses","world","2019-12-01 2021-08-15","web",0
"676",2020-11-29,"0","Icourses","world","2019-12-01 2021-08-15","web",0
"677",2020-12-06,"0","Icourses","world","2019-12-01 2021-08-15","web",0
"678",2020-12-13,"0","Icourses","world","2019-12-01 2021-08-15","web",0
"679",2020-12-20,"0","Icourses","world","2019-12-01 2021-08-15","web",0
"680",2020-12-27,"0","Icourses","world","2019-12-01 2021-08-15","web",0
"681",2021-01-03,"0","Icourses","world","2019-12-01 2021-08-15","web",0
"682",2021-01-10,"<1","Icourses","world","2019-12-01 2021-08-15","web",0
"683",2021-01-17,"0","Icourses","world","2019-12-01 2021-08-15","web",0
"684",2021-01-24,"0","Icourses","world","2019-12-01 2021-08-15","web",0
"685",2021-01-31,"0","Icourses","world","2019-12-01 2021-08-15","web",0
"686",2021-02-07,"0","Icourses","world","2019-12-01 2021-08-15","web",0
"687",2021-02-14,"0","Icourses","world","2019-12-01 2021-08-15","web",0
"688",2021-02-21,"0","Icourses","world","2019-12-01 2021-08-15","web",0
"689",2021-02-28,"0","Icourses","world","2019-12-01 2021-08-15","web",0
"690",2021-03-07,"0","Icourses","world","2019-12-01 2021-08-15","web",0
"691",2021-03-14,"0","Icourses","world","2019-12-01 2021-08-15","web",0
"692",2021-03-21,"0","Icourses","world","2019-12-01 2021-08-15","web",0
"693",2021-03-28,"0","Icourses","world","2019-12-01 2021-08-15","web",0
"694",2021-04-04,"0","Icourses","world","2019-12-01 2021-08-15","web",0
"695",2021-04-11,"0","Icourses","world","2019-12-01 2021-08-15","web",0
"696",2021-04-18,"<1","Icourses","world","2019-12-01 2021-08-15","web",0
"697",2021-04-25,"0","Icourses","world","2019-12-01 2021-08-15","web",0
"698",2021-05-02,"0","Icourses","world","2019-12-01 2021-08-15","web",0
"699",2021-05-09,"0","Icourses","world","2019-12-01 2021-08-15","web",0
"700",2021-05-16,"0","Icourses","world","2019-12-01 2021-08-15","web",0
"701",2021-05-23,"0","Icourses","world","2019-12-01 2021-08-15","web",0
"702",2021-05-30,"0","Icourses","world","2019-12-01 2021-08-15","web",0
"703",2021-06-06,"<1","Icourses","world","2019-12-01 2021-08-15","web",0
"704",2021-06-13,"0","Icourses","world","2019-12-01 2021-08-15","web",0
"705",2021-06-20,"0","Icourses","world","2019-12-01 2021-08-15","web",0
"706",2021-06-27,"0","Icourses","world","2019-12-01 2021-08-15","web",0
"707",2021-07-04,"0","Icourses","world","2019-12-01 2021-08-15","web",0
"708",2021-07-11,"0","Icourses","world","2019-12-01 2021-08-15","web",0
"709",2021-07-18,"0","Icourses","world","2019-12-01 2021-08-15","web",0
"710",2021-07-25,"0","Icourses","world","2019-12-01 2021-08-15","web",0
"711",2021-08-01,"0","Icourses","world","2019-12-01 2021-08-15","web",0
"712",2021-08-08,"0","Icourses","world","2019-12-01 2021-08-15","web",0
"713",2019-12-01,"0","TED-Ed Earth School","world","2019-12-01 2021-08-15","web",0
"714",2019-12-08,"0","TED-Ed Earth School","world","2019-12-01 2021-08-15","web",0
"715",2019-12-15,"0","TED-Ed Earth School","world","2019-12-01 2021-08-15","web",0
"716",2019-12-22,"0","TED-Ed Earth School","world","2019-12-01 2021-08-15","web",0
"717",2019-12-29,"0","TED-Ed Earth School","world","2019-12-01 2021-08-15","web",0
"718",2020-01-05,"0","TED-Ed Earth School","world","2019-12-01 2021-08-15","web",0
"719",2020-01-12,"0","TED-Ed Earth School","world","2019-12-01 2021-08-15","web",0
"720",2020-01-19,"0","TED-Ed Earth School","world","2019-12-01 2021-08-15","web",0
"721",2020-01-26,"0","TED-Ed Earth School","world","2019-12-01 2021-08-15","web",0
"722",2020-02-02,"0","TED-Ed Earth School","world","2019-12-01 2021-08-15","web",0
"723",2020-02-09,"0","TED-Ed Earth School","world","2019-12-01 2021-08-15","web",0
"724",2020-02-16,"0","TED-Ed Earth School","world","2019-12-01 2021-08-15","web",0
"725",2020-02-23,"0","TED-Ed Earth School","world","2019-12-01 2021-08-15","web",0
"726",2020-03-01,"0","TED-Ed Earth School","world","2019-12-01 2021-08-15","web",0
"727",2020-03-08,"0","TED-Ed Earth School","world","2019-12-01 2021-08-15","web",0
"728",2020-03-15,"0","TED-Ed Earth School","world","2019-12-01 2021-08-15","web",0
"729",2020-03-22,"0","TED-Ed Earth School","world","2019-12-01 2021-08-15","web",0
"730",2020-03-29,"0","TED-Ed Earth School","world","2019-12-01 2021-08-15","web",0
"731",2020-04-05,"0","TED-Ed Earth School","world","2019-12-01 2021-08-15","web",0
"732",2020-04-12,"0","TED-Ed Earth School","world","2019-12-01 2021-08-15","web",0
"733",2020-04-19,"0","TED-Ed Earth School","world","2019-12-01 2021-08-15","web",0
"734",2020-04-26,"0","TED-Ed Earth School","world","2019-12-01 2021-08-15","web",0
"735",2020-05-03,"0","TED-Ed Earth School","world","2019-12-01 2021-08-15","web",0
"736",2020-05-10,"0","TED-Ed Earth School","world","2019-12-01 2021-08-15","web",0
"737",2020-05-17,"0","TED-Ed Earth School","world","2019-12-01 2021-08-15","web",0
"738",2020-05-24,"0","TED-Ed Earth School","world","2019-12-01 2021-08-15","web",0
"739",2020-05-31,"0","TED-Ed Earth School","world","2019-12-01 2021-08-15","web",0
"740",2020-06-07,"0","TED-Ed Earth School","world","2019-12-01 2021-08-15","web",0
"741",2020-06-14,"0","TED-Ed Earth School","world","2019-12-01 2021-08-15","web",0
"742",2020-06-21,"0","TED-Ed Earth School","world","2019-12-01 2021-08-15","web",0
"743",2020-06-28,"0","TED-Ed Earth School","world","2019-12-01 2021-08-15","web",0
"744",2020-07-05,"0","TED-Ed Earth School","world","2019-12-01 2021-08-15","web",0
"745",2020-07-12,"0","TED-Ed Earth School","world","2019-12-01 2021-08-15","web",0
"746",2020-07-19,"0","TED-Ed Earth School","world","2019-12-01 2021-08-15","web",0
"747",2020-07-26,"0","TED-Ed Earth School","world","2019-12-01 2021-08-15","web",0
"748",2020-08-02,"0","TED-Ed Earth School","world","2019-12-01 2021-08-15","web",0
"749",2020-08-09,"0","TED-Ed Earth School","world","2019-12-01 2021-08-15","web",0
"750",2020-08-16,"0","TED-Ed Earth School","world","2019-12-01 2021-08-15","web",0
"751",2020-08-23,"0","TED-Ed Earth School","world","2019-12-01 2021-08-15","web",0
"752",2020-08-30,"0","TED-Ed Earth School","world","2019-12-01 2021-08-15","web",0
"753",2020-09-06,"0","TED-Ed Earth School","world","2019-12-01 2021-08-15","web",0
"754",2020-09-13,"0","TED-Ed Earth School","world","2019-12-01 2021-08-15","web",0
"755",2020-09-20,"0","TED-Ed Earth School","world","2019-12-01 2021-08-15","web",0
"756",2020-09-27,"0","TED-Ed Earth School","world","2019-12-01 2021-08-15","web",0
"757",2020-10-04,"0","TED-Ed Earth School","world","2019-12-01 2021-08-15","web",0
"758",2020-10-11,"0","TED-Ed Earth School","world","2019-12-01 2021-08-15","web",0
"759",2020-10-18,"0","TED-Ed Earth School","world","2019-12-01 2021-08-15","web",0
"760",2020-10-25,"0","TED-Ed Earth School","world","2019-12-01 2021-08-15","web",0
"761",2020-11-01,"0","TED-Ed Earth School","world","2019-12-01 2021-08-15","web",0
"762",2020-11-08,"0","TED-Ed Earth School","world","2019-12-01 2021-08-15","web",0
"763",2020-11-15,"0","TED-Ed Earth School","world","2019-12-01 2021-08-15","web",0
"764",2020-11-22,"0","TED-Ed Earth School","world","2019-12-01 2021-08-15","web",0
"765",2020-11-29,"0","TED-Ed Earth School","world","2019-12-01 2021-08-15","web",0
"766",2020-12-06,"0","TED-Ed Earth School","world","2019-12-01 2021-08-15","web",0
"767",2020-12-13,"0","TED-Ed Earth School","world","2019-12-01 2021-08-15","web",0
"768",2020-12-20,"0","TED-Ed Earth School","world","2019-12-01 2021-08-15","web",0
"769",2020-12-27,"0","TED-Ed Earth School","world","2019-12-01 2021-08-15","web",0
"770",2021-01-03,"0","TED-Ed Earth School","world","2019-12-01 2021-08-15","web",0
"771",2021-01-10,"0","TED-Ed Earth School","world","2019-12-01 2021-08-15","web",0
"772",2021-01-17,"0","TED-Ed Earth School","world","2019-12-01 2021-08-15","web",0
"773",2021-01-24,"0","TED-Ed Earth School","world","2019-12-01 2021-08-15","web",0
"774",2021-01-31,"0","TED-Ed Earth School","world","2019-12-01 2021-08-15","web",0
"775",2021-02-07,"0","TED-Ed Earth School","world","2019-12-01 2021-08-15","web",0
"776",2021-02-14,"0","TED-Ed Earth School","world","2019-12-01 2021-08-15","web",0
"777",2021-02-21,"0","TED-Ed Earth School","world","2019-12-01 2021-08-15","web",0
"778",2021-02-28,"0","TED-Ed Earth School","world","2019-12-01 2021-08-15","web",0
"779",2021-03-07,"0","TED-Ed Earth School","world","2019-12-01 2021-08-15","web",0
"780",2021-03-14,"0","TED-Ed Earth School","world","2019-12-01 2021-08-15","web",0
"781",2021-03-21,"0","TED-Ed Earth School","world","2019-12-01 2021-08-15","web",0
"782",2021-03-28,"0","TED-Ed Earth School","world","2019-12-01 2021-08-15","web",0
"783",2021-04-04,"0","TED-Ed Earth School","world","2019-12-01 2021-08-15","web",0
"784",2021-04-11,"0","TED-Ed Earth School","world","2019-12-01 2021-08-15","web",0
"785",2021-04-18,"0","TED-Ed Earth School","world","2019-12-01 2021-08-15","web",0
"786",2021-04-25,"0","TED-Ed Earth School","world","2019-12-01 2021-08-15","web",0
"787",2021-05-02,"0","TED-Ed Earth School","world","2019-12-01 2021-08-15","web",0
"788",2021-05-09,"0","TED-Ed Earth School","world","2019-12-01 2021-08-15","web",0
"789",2021-05-16,"0","TED-Ed Earth School","world","2019-12-01 2021-08-15","web",0
"790",2021-05-23,"0","TED-Ed Earth School","world","2019-12-01 2021-08-15","web",0
"791",2021-05-30,"0","TED-Ed Earth School","world","2019-12-01 2021-08-15","web",0
"792",2021-06-06,"0","TED-Ed Earth School","world","2019-12-01 2021-08-15","web",0
"793",2021-06-13,"0","TED-Ed Earth School","world","2019-12-01 2021-08-15","web",0
"794",2021-06-20,"0","TED-Ed Earth School","world","2019-12-01 2021-08-15","web",0
"795",2021-06-27,"0","TED-Ed Earth School","world","2019-12-01 2021-08-15","web",0
"796",2021-07-04,"0","TED-Ed Earth School","world","2019-12-01 2021-08-15","web",0
"797",2021-07-11,"0","TED-Ed Earth School","world","2019-12-01 2021-08-15","web",0
"798",2021-07-18,"0","TED-Ed Earth School","world","2019-12-01 2021-08-15","web",0
"799",2021-07-25,"0","TED-Ed Earth School","world","2019-12-01 2021-08-15","web",0
"800",2021-08-01,"0","TED-Ed Earth School","world","2019-12-01 2021-08-15","web",0
"801",2021-08-08,"0","TED-Ed Earth School","world","2019-12-01 2021-08-15","web",0
"802",2019-12-01,"10","Udemy","world","2019-12-01 2021-08-15","web",0
"803",2019-12-08,"8","Udemy","world","2019-12-01 2021-08-15","web",0
"804",2019-12-15,"8","Udemy","world","2019-12-01 2021-08-15","web",0
"805",2019-12-22,"8","Udemy","world","2019-12-01 2021-08-15","web",0
"806",2019-12-29,"8","Udemy","world","2019-12-01 2021-08-15","web",0
"807",2020-01-05,"11","Udemy","world","2019-12-01 2021-08-15","web",0
"808",2020-01-12,"9","Udemy","world","2019-12-01 2021-08-15","web",0
"809",2020-01-19,"9","Udemy","world","2019-12-01 2021-08-15","web",0
"810",2020-01-26,"9","Udemy","world","2019-12-01 2021-08-15","web",0
"811",2020-02-02,"9","Udemy","world","2019-12-01 2021-08-15","web",0
"812",2020-02-09,"9","Udemy","world","2019-12-01 2021-08-15","web",0
"813",2020-02-16,"9","Udemy","world","2019-12-01 2021-08-15","web",0
"814",2020-02-23,"9","Udemy","world","2019-12-01 2021-08-15","web",0
"815",2020-03-01,"9","Udemy","world","2019-12-01 2021-08-15","web",0
"816",2020-03-08,"8","Udemy","world","2019-12-01 2021-08-15","web",0
"817",2020-03-15,"12","Udemy","world","2019-12-01 2021-08-15","web",0
"818",2020-03-22,"14","Udemy","world","2019-12-01 2021-08-15","web",0
"819",2020-03-29,"15","Udemy","world","2019-12-01 2021-08-15","web",0
"820",2020-04-05,"14","Udemy","world","2019-12-01 2021-08-15","web",0
"821",2020-04-12,"15","Udemy","world","2019-12-01 2021-08-15","web",0
"822",2020-04-19,"14","Udemy","world","2019-12-01 2021-08-15","web",0
"823",2020-04-26,"13","Udemy","world","2019-12-01 2021-08-15","web",0
"824",2020-05-03,"13","Udemy","world","2019-12-01 2021-08-15","web",0
"825",2020-05-10,"14","Udemy","world","2019-12-01 2021-08-15","web",0
"826",2020-05-17,"12","Udemy","world","2019-12-01 2021-08-15","web",0
"827",2020-05-24,"12","Udemy","world","2019-12-01 2021-08-15","web",0
"828",2020-05-31,"11","Udemy","world","2019-12-01 2021-08-15","web",0
"829",2020-06-07,"11","Udemy","world","2019-12-01 2021-08-15","web",0
"830",2020-06-14,"11","Udemy","world","2019-12-01 2021-08-15","web",0
"831",2020-06-21,"11","Udemy","world","2019-12-01 2021-08-15","web",0
"832",2020-06-28,"12","Udemy","world","2019-12-01 2021-08-15","web",0
"833",2020-07-05,"11","Udemy","world","2019-12-01 2021-08-15","web",0
"834",2020-07-12,"11","Udemy","world","2019-12-01 2021-08-15","web",0
"835",2020-07-19,"11","Udemy","world","2019-12-01 2021-08-15","web",0
"836",2020-07-26,"11","Udemy","world","2019-12-01 2021-08-15","web",0
"837",2020-08-02,"10","Udemy","world","2019-12-01 2021-08-15","web",0
"838",2020-08-09,"10","Udemy","world","2019-12-01 2021-08-15","web",0
"839",2020-08-16,"10","Udemy","world","2019-12-01 2021-08-15","web",0
"840",2020-08-23,"11","Udemy","world","2019-12-01 2021-08-15","web",0
"841",2020-08-30,"10","Udemy","world","2019-12-01 2021-08-15","web",0
"842",2020-09-06,"10","Udemy","world","2019-12-01 2021-08-15","web",0
"843",2020-09-13,"10","Udemy","world","2019-12-01 2021-08-15","web",0
"844",2020-09-20,"9","Udemy","world","2019-12-01 2021-08-15","web",0
"845",2020-09-27,"9","Udemy","world","2019-12-01 2021-08-15","web",0
"846",2020-10-04,"9","Udemy","world","2019-12-01 2021-08-15","web",0
"847",2020-10-11,"8","Udemy","world","2019-12-01 2021-08-15","web",0
"848",2020-10-18,"8","Udemy","world","2019-12-01 2021-08-15","web",0
"849",2020-10-25,"7","Udemy","world","2019-12-01 2021-08-15","web",0
"850",2020-11-01,"7","Udemy","world","2019-12-01 2021-08-15","web",0
"851",2020-11-08,"7","Udemy","world","2019-12-01 2021-08-15","web",0
"852",2020-11-15,"8","Udemy","world","2019-12-01 2021-08-15","web",0
"853",2020-11-22,"9","Udemy","world","2019-12-01 2021-08-15","web",0
"854",2020-11-29,"9","Udemy","world","2019-12-01 2021-08-15","web",0
"855",2020-12-06,"8","Udemy","world","2019-12-01 2021-08-15","web",0
"856",2020-12-13,"8","Udemy","world","2019-12-01 2021-08-15","web",0
"857",2020-12-20,"8","Udemy","world","2019-12-01 2021-08-15","web",0
"858",2020-12-27,"8","Udemy","world","2019-12-01 2021-08-15","web",0
"859",2021-01-03,"10","Udemy","world","2019-12-01 2021-08-15","web",0
"860",2021-01-10,"9","Udemy","world","2019-12-01 2021-08-15","web",0
"861",2021-01-17,"9","Udemy","world","2019-12-01 2021-08-15","web",0
"862",2021-01-24,"9","Udemy","world","2019-12-01 2021-08-15","web",0
"863",2021-01-31,"8","Udemy","world","2019-12-01 2021-08-15","web",0
"864",2021-02-07,"8","Udemy","world","2019-12-01 2021-08-15","web",0
"865",2021-02-14,"8","Udemy","world","2019-12-01 2021-08-15","web",0
"866",2021-02-21,"9","Udemy","world","2019-12-01 2021-08-15","web",0
"867",2021-02-28,"9","Udemy","world","2019-12-01 2021-08-15","web",0
"868",2021-03-07,"8","Udemy","world","2019-12-01 2021-08-15","web",0
"869",2021-03-14,"8","Udemy","world","2019-12-01 2021-08-15","web",0
"870",2021-03-21,"9","Udemy","world","2019-12-01 2021-08-15","web",0
"871",2021-03-28,"8","Udemy","world","2019-12-01 2021-08-15","web",0
"872",2021-04-04,"8","Udemy","world","2019-12-01 2021-08-15","web",0
"873",2021-04-11,"8","Udemy","world","2019-12-01 2021-08-15","web",0
"874",2021-04-18,"8","Udemy","world","2019-12-01 2021-08-15","web",0
"875",2021-04-25,"8","Udemy","world","2019-12-01 2021-08-15","web",0
"876",2021-05-02,"8","Udemy","world","2019-12-01 2021-08-15","web",0
"877",2021-05-09,"9","Udemy","world","2019-12-01 2021-08-15","web",0
"878",2021-05-16,"9","Udemy","world","2019-12-01 2021-08-15","web",0
"879",2021-05-23,"10","Udemy","world","2019-12-01 2021-08-15","web",0
"880",2021-05-30,"9","Udemy","world","2019-12-01 2021-08-15","web",0
"881",2021-06-06,"8","Udemy","world","2019-12-01 2021-08-15","web",0
"882",2021-06-13,"8","Udemy","world","2019-12-01 2021-08-15","web",0
"883",2021-06-20,"8","Udemy","world","2019-12-01 2021-08-15","web",0
"884",2021-06-27,"9","Udemy","world","2019-12-01 2021-08-15","web",0
"885",2021-07-04,"9","Udemy","world","2019-12-01 2021-08-15","web",0
"886",2021-07-11,"8","Udemy","world","2019-12-01 2021-08-15","web",0
"887",2021-07-18,"9","Udemy","world","2019-12-01 2021-08-15","web",0
"888",2021-07-25,"8","Udemy","world","2019-12-01 2021-08-15","web",0
"889",2021-08-01,"8","Udemy","world","2019-12-01 2021-08-15","web",0
"890",2021-08-08,"8","Udemy","world","2019-12-01 2021-08-15","web",0
"891",2019-12-01,"0","XuetangX","world","2019-12-01 2021-08-15","web",0
"892",2019-12-08,"0","XuetangX","world","2019-12-01 2021-08-15","web",0
"893",2019-12-15,"<1","XuetangX","world","2019-12-01 2021-08-15","web",0
"894",2019-12-22,"0","XuetangX","world","2019-12-01 2021-08-15","web",0
"895",2019-12-29,"0","XuetangX","world","2019-12-01 2021-08-15","web",0
"896",2020-01-05,"0","XuetangX","world","2019-12-01 2021-08-15","web",0
"897",2020-01-12,"0","XuetangX","world","2019-12-01 2021-08-15","web",0
"898",2020-01-19,"0","XuetangX","world","2019-12-01 2021-08-15","web",0
"899",2020-01-26,"<1","XuetangX","world","2019-12-01 2021-08-15","web",0
"900",2020-02-02,"<1","XuetangX","world","2019-12-01 2021-08-15","web",0
"901",2020-02-09,"0","XuetangX","world","2019-12-01 2021-08-15","web",0
"902",2020-02-16,"<1","XuetangX","world","2019-12-01 2021-08-15","web",0
"903",2020-02-23,"0","XuetangX","world","2019-12-01 2021-08-15","web",0
"904",2020-03-01,"<1","XuetangX","world","2019-12-01 2021-08-15","web",0
"905",2020-03-08,"0","XuetangX","world","2019-12-01 2021-08-15","web",0
"906",2020-03-15,"0","XuetangX","world","2019-12-01 2021-08-15","web",0
"907",2020-03-22,"<1","XuetangX","world","2019-12-01 2021-08-15","web",0
"908",2020-03-29,"0","XuetangX","world","2019-12-01 2021-08-15","web",0
"909",2020-04-05,"0","XuetangX","world","2019-12-01 2021-08-15","web",0
"910",2020-04-12,"0","XuetangX","world","2019-12-01 2021-08-15","web",0
"911",2020-04-19,"0","XuetangX","world","2019-12-01 2021-08-15","web",0
"912",2020-04-26,"0","XuetangX","world","2019-12-01 2021-08-15","web",0
"913",2020-05-03,"0","XuetangX","world","2019-12-01 2021-08-15","web",0
"914",2020-05-10,"0","XuetangX","world","2019-12-01 2021-08-15","web",0
"915",2020-05-17,"0","XuetangX","world","2019-12-01 2021-08-15","web",0
"916",2020-05-24,"0","XuetangX","world","2019-12-01 2021-08-15","web",0
"917",2020-05-31,"0","XuetangX","world","2019-12-01 2021-08-15","web",0
"918",2020-06-07,"<1","XuetangX","world","2019-12-01 2021-08-15","web",0
"919",2020-06-14,"<1","XuetangX","world","2019-12-01 2021-08-15","web",0
"920",2020-06-21,"0","XuetangX","world","2019-12-01 2021-08-15","web",0
"921",2020-06-28,"0","XuetangX","world","2019-12-01 2021-08-15","web",0
"922",2020-07-05,"<1","XuetangX","world","2019-12-01 2021-08-15","web",0
"923",2020-07-12,"0","XuetangX","world","2019-12-01 2021-08-15","web",0
"924",2020-07-19,"<1","XuetangX","world","2019-12-01 2021-08-15","web",0
"925",2020-07-26,"0","XuetangX","world","2019-12-01 2021-08-15","web",0
"926",2020-08-02,"0","XuetangX","world","2019-12-01 2021-08-15","web",0
"927",2020-08-09,"0","XuetangX","world","2019-12-01 2021-08-15","web",0
"928",2020-08-16,"0","XuetangX","world","2019-12-01 2021-08-15","web",0
"929",2020-08-23,"<1","XuetangX","world","2019-12-01 2021-08-15","web",0
"930",2020-08-30,"0","XuetangX","world","2019-12-01 2021-08-15","web",0
"931",2020-09-06,"0","XuetangX","world","2019-12-01 2021-08-15","web",0
"932",2020-09-13,"0","XuetangX","world","2019-12-01 2021-08-15","web",0
"933",2020-09-20,"<1","XuetangX","world","2019-12-01 2021-08-15","web",0
"934",2020-09-27,"0","XuetangX","world","2019-12-01 2021-08-15","web",0
"935",2020-10-04,"<1","XuetangX","world","2019-12-01 2021-08-15","web",0
"936",2020-10-11,"0","XuetangX","world","2019-12-01 2021-08-15","web",0
"937",2020-10-18,"0","XuetangX","world","2019-12-01 2021-08-15","web",0
"938",2020-10-25,"<1","XuetangX","world","2019-12-01 2021-08-15","web",0
"939",2020-11-01,"0","XuetangX","world","2019-12-01 2021-08-15","web",0
"940",2020-11-08,"0","XuetangX","world","2019-12-01 2021-08-15","web",0
"941",2020-11-15,"0","XuetangX","world","2019-12-01 2021-08-15","web",0
"942",2020-11-22,"<1","XuetangX","world","2019-12-01 2021-08-15","web",0
"943",2020-11-29,"<1","XuetangX","world","2019-12-01 2021-08-15","web",0
"944",2020-12-06,"0","XuetangX","world","2019-12-01 2021-08-15","web",0
"945",2020-12-13,"0","XuetangX","world","2019-12-01 2021-08-15","web",0
"946",2020-12-20,"<1","XuetangX","world","2019-12-01 2021-08-15","web",0
"947",2020-12-27,"<1","XuetangX","world","2019-12-01 2021-08-15","web",0
"948",2021-01-03,"0","XuetangX","world","2019-12-01 2021-08-15","web",0
"949",2021-01-10,"0","XuetangX","world","2019-12-01 2021-08-15","web",0
"950",2021-01-17,"0","XuetangX","world","2019-12-01 2021-08-15","web",0
"951",2021-01-24,"0","XuetangX","world","2019-12-01 2021-08-15","web",0
"952",2021-01-31,"0","XuetangX","world","2019-12-01 2021-08-15","web",0
"953",2021-02-07,"0","XuetangX","world","2019-12-01 2021-08-15","web",0
"954",2021-02-14,"0","XuetangX","world","2019-12-01 2021-08-15","web",0
"955",2021-02-21,"0","XuetangX","world","2019-12-01 2021-08-15","web",0
"956",2021-02-28,"<1","XuetangX","world","2019-12-01 2021-08-15","web",0
"957",2021-03-07,"0","XuetangX","world","2019-12-01 2021-08-15","web",0
"958",2021-03-14,"<1","XuetangX","world","2019-12-01 2021-08-15","web",0
"959",2021-03-21,"0","XuetangX","world","2019-12-01 2021-08-15","web",0
"960",2021-03-28,"0","XuetangX","world","2019-12-01 2021-08-15","web",0
"961",2021-04-04,"<1","XuetangX","world","2019-12-01 2021-08-15","web",0
"962",2021-04-11,"0","XuetangX","world","2019-12-01 2021-08-15","web",0
"963",2021-04-18,"0","XuetangX","world","2019-12-01 2021-08-15","web",0
"964",2021-04-25,"0","XuetangX","world","2019-12-01 2021-08-15","web",0
"965",2021-05-02,"<1","XuetangX","world","2019-12-01 2021-08-15","web",0
"966",2021-05-09,"0","XuetangX","world","2019-12-01 2021-08-15","web",0
"967",2021-05-16,"0","XuetangX","world","2019-12-01 2021-08-15","web",0
"968",2021-05-23,"<1","XuetangX","world","2019-12-01 2021-08-15","web",0
"969",2021-05-30,"0","XuetangX","world","2019-12-01 2021-08-15","web",0
"970",2021-06-06,"<1","XuetangX","world","2019-12-01 2021-08-15","web",0
"971",2021-06-13,"0","XuetangX","world","2019-12-01 2021-08-15","web",0
"972",2021-06-20,"0","XuetangX","world","2019-12-01 2021-08-15","web",0
"973",2021-06-27,"0","XuetangX","world","2019-12-01 2021-08-15","web",0
"974",2021-07-04,"0","XuetangX","world","2019-12-01 2021-08-15","web",0
"975",2021-07-11,"0","XuetangX","world","2019-12-01 2021-08-15","web",0
"976",2021-07-18,"0","XuetangX","world","2019-12-01 2021-08-15","web",0
"977",2021-07-25,"<1","XuetangX","world","2019-12-01 2021-08-15","web",0
"978",2021-08-01,"0","XuetangX","world","2019-12-01 2021-08-15","web",0
"979",2021-08-08,"0","XuetangX","world","2019-12-01 2021-08-15","web",0
